Name,Address,Phone,Website,Rating,Pricing,Description,Tags,Images,Latitude,Longitude
 The Keg Steakhouse + Bar - Calgary 4th Ave,"320 4 Ave SW, Calgary, AB T2P 2S6",(403) 699-9843,https://www.opentable.ca/the-keg-steakhouse-and-bar-calgary-4th-ave?corrid=26186fa6-0a4f-4934-b0ab-72f332d001dd&avt=eyJ2IjoyLCJtIjoxLCJwIjowLCJzIjowLCJuIjowfQ&p=2&sd=2022-07-23T19%3A00%3A00,4.3,0.5,Jasmin was an outstanding server! Everything was served timely and efficiently. Live lobster did not have a fully packed tail of meat. Otherwise a wonderful meal and experience!!,"Steakhouse,Downtown","['https://s2.qwant.com/thumbr/474x355/c/f/833af756404925802fb1759ebd4d580da20f7dfa57f00ef6231a3f2a7b72d4/th.jpg?u=https%3A%2F%2Ftse3.mm.bing.net%2Fth%3Fid%3DOIP.qazGxpzeMPNW-7fSon8VbwHaFj%26pid%3DApi&q=0&b=1&p=0&a=0', 'https://s2.qwant.com/thumbr/474x355/f/5/6766d9a30e7156942438b9befd1f4badca75e012dc7085cf1c87d33ccccef1/th.jpg?u=https%3A%2F%2Ftse1.mm.bing.net%2Fth%3Fid%3DOIP.Ee1dmijUVtiTKXDFa6UBhgHaFj%26pid%3DApi&q=0&b=1&p=0&a=0', 'https://s1.qwant.com/thumbr/474x355/0/5/7dcefcb1311e9fb9861f30e5c078a3c5feb81f444587aad406c0c854513bb2/th.jpg?u=https%3A%2F%2Ftse3.explicit.bing.net%2Fth%3Fid%3DOIP.dWv1iSEznT85NVDB8vQz3AEgDY%26pid%3DApi&q=0&b=1&p=0&a=0']",51.05018365,-114.0693031
 The Guild,"200 8 Ave SW, Calgary, AB T2P 1B5",(403) 770-2313,https://www.opentable.ca/r/the-guild-calgary?corrid=26186fa6-0a4f-4934-b0ab-72f332d001dd&avt=eyJ2IjoyLCJtIjoxLCJwIjowLCJzIjowLCJuIjowfQ&p=2&sd=2022-07-23T19%3A00%3A00,4,0.75,Excellent Meal!!!!,"Steak,Calgary","['https://s1.qwant.com/thumbr/474x303/a/4/b38d24b1f6a43e2b3595f7035bcd5c7ac3e221290312564daa02997c4da435/th.jpg?u=https%3A%2F%2Ftse3.mm.bing.net%2Fth%3Fid%3DOIP.7EBNL0zJKCCdvAlVTRxduAHaEv%26pid%3DApi&q=0&b=1&p=0&a=0', 'https://s1.qwant.com/thumbr/474x474/8/3/f88c957b9c50ad40c0019b2fbf588a088f057562eacf20f954ae3d64cdf8cf/th.jpg?u=https%3A%2F%2Ftse4.mm.bing.net%2Fth%3Fid%3DOIP.kUE7fek23vyBwcsa1hC0JwHaHa%26pid%3DApi&q=0&b=1&p=0&a=0', 'https://s1.qwant.com/thumbr/474x316/1/d/e4f481e6c152c061f60ced16e7211067ddaa3c412da0c25a0aaa08cd5db73b/th.jpg?u=https%3A%2F%2Ftse3.mm.bing.net%2Fth%3Fid%3DOIP.rVEI_RFpwFy-pMpyN1ulGgHaE8%26pid%3DApi&q=0&b=1&p=0&a=0']",51.0457888,-114.0664094
 Vintage Chophouse & Tavern,"320 11 Ave SW, Calgary, AB T2R 0C5",(403) 262-7262,https://www.opentable.ca/vintage-chophouse-and-tavern?corrid=26186fa6-0a4f-4934-b0ab-72f332d001dd&avt=eyJ2IjoyLCJtIjoxLCJwIjowLCJzIjowLCJuIjowfQ&p=2&sd=2022-07-23T19%3A00%3A00,4.6,0.75,Ashleigh is the best!!!,"Steakhouse,Calgary","['https://s1.qwant.com/thumbr/474x316/8/3/6350d45e1f5e6d0f3038d67aa7e740410f17e41629c0367bfeec3089cf18c2/th.jpg?u=https%3A%2F%2Ftse2.mm.bing.net%2Fth%3Fid%3DOIP.8n6Y5JJ6ZlLKVBhC9sedqAHaE8%26pid%3DApi&q=0&b=1&p=0&a=0', 'https://s2.qwant.com/thumbr/474x474/c/2/b470a92db66cf39418d6779a22315f71d4537202f6b1f7ec0f736b94bc04ac/th.jpg?u=https%3A%2F%2Ftse1.mm.bing.net%2Fth%3Fid%3DOIP.1vlnrU1xGQ9tZhYAiW8_JAHaHa%26pid%3DApi&q=0&b=1&p=0&a=0', 'https://s1.qwant.com/thumbr/474x316/8/e/b2b09e2c9681789e3488b382fab761793b2c6510c75fc360e3733c46dcc7ef/th.jpg?u=https%3A%2F%2Ftse2.mm.bing.net%2Fth%3Fid%3DOIP.UeL7IdhA97VxmMnrfGOi8wHaE8%26pid%3DApi&q=0&b=1&p=0&a=0']",51.0427572,-114.0765459
 The Wednesday Room,"118 8 Ave SW #100, Calgary, AB T2P 1B3",(403) 452-5080,https://www.opentable.ca/r/the-wednesday-room-calgary?corrid=26186fa6-0a4f-4934-b0ab-72f332d001dd&avt=eyJ2IjoyLCJtIjoxLCJwIjowLCJzIjowLCJuIjowfQ&p=2&sd=2022-07-23T19%3A00%3A00,4,0.5,Delicious food and drinks . Fun patio. Service was great,"Canadian,Downtown","['https://s2.qwant.com/thumbr/474x474/6/1/6beacc23d70bb6267360589414069a6ca232d64cdec1c62a676174b30ec0d4/th.jpg?u=https%3A%2F%2Ftse2.mm.bing.net%2Fth%3Fid%3DOIP.InyY6wuT-APo6rrg1jg6CQHaHa%26pid%3DApi&q=0&b=1&p=0&a=0', 'https://s2.qwant.com/thumbr/474x474/d/9/37ad407298cc16a57d988b3b835bb0e60350ce31734468e345e8407711faa6/th.jpg?u=https%3A%2F%2Ftse4.mm.bing.net%2Fth%3Fid%3DOIP.200HKglmeE3DTawbA6yttQHaHa%26pid%3DApi&q=0&b=1&p=0&a=0', 'https://s1.qwant.com/thumbr/474x474/b/d/78f934e93db4e82a2de2bf15e38ba8149fd273694ed1c753ef56d436cc94c3/th.jpg?u=https%3A%2F%2Ftse1.mm.bing.net%2Fth%3Fid%3DOIP.9IW91myow61eqXylZnNlRAHaHa%26pid%3DApi&q=0&b=1&p=0&a=0']",51.0457034,-114.064102
 Pampa Brazilian Steakhouse Calgary Downtown,"521 10 Ave SW, Calgary, AB T2R 0A8",(587) 354-3441,https://www.opentable.ca/pampa-brazilian-steakhouse-calgary?corrid=26186fa6-0a4f-4934-b0ab-72f332d001dd&avt=eyJ2IjoyLCJtIjoxLCJwIjowLCJzIjowLCJuIjowfQ&p=2&sd=2022-07-23T19%3A00%3A00,4.8,0.75,Always a good experience.  Good place for a team meal,"Brazilian,Steakhouse,Downtown","['https://s1.qwant.com/thumbr/474x355/0/4/740ad40a2abc787b7c3be5dd5bd2de5ae768f383b8523114913603ea6736f4/th.jpg?u=https%3A%2F%2Ftse4.mm.bing.net%2Fth%3Fid%3DOIP.yEIEVipQGt8amHuU3JQeYAHaFj%26pid%3DApi&q=0&b=1&p=0&a=0', 'https://s2.qwant.com/thumbr/474x474/c/1/77318307bb5de85716ab2af40f198c5bfbcf6f36de6e21f7816c9e2ec45fc3/th.jpg?u=https%3A%2F%2Ftse1.mm.bing.net%2Fth%3Fid%3DOIP.eYpJsfWB3lN2oCbEhVzmhAHaHa%26pid%3DApi&q=0&b=1&p=0&a=0', 'https://s1.qwant.com/thumbr/474x168/0/0/a0094a74ede9f39fc38e643c181af6fc720ad17e3696b7b82f58261508c912/th.jpg?u=https%3A%2F%2Ftse4.mm.bing.net%2Fth%3Fid%3DOIP.AZ0Cn00IsyPObSwNXYlvtgHaCo%26pid%3DApi&q=0&b=1&p=0&a=0']",51.0436086,-114.0733747
 Klein / Harris,"110 8 Ave SW, Calgary, AB T2P 1B3",(403) 262-8100,https://www.opentable.ca/r/klein-harris-calgary?corrid=26186fa6-0a4f-4934-b0ab-72f332d001dd&avt=eyJ2IjoyLCJtIjoxLCJwIjowLCJzIjowLCJuIjowfQ&p=2&sd=2022-07-23T19%3A00%3A00,4.6,0.75,"Food was fantastic! Smaller restaurant, patio outside, finding parking was a bit of a task.","Canadian,Calgary","['https://s1.qwant.com/thumbr/474x331/9/d/71e9271c990fc178e40c07a5582cf37b5aeee1dd7f6ce19f8f4e19bd2c5a0a/th.jpg?u=https%3A%2F%2Ftse4.mm.bing.net%2Fth%3Fid%3DOIP.UUrmqwvDx0_BjdzBv2OhPgHaFL%26pid%3DApi&q=0&b=1&p=0&a=0', 'https://s1.qwant.com/thumbr/474x316/a/7/3309bd5893189302395f96ac31051059c722a6d25aa987393cb83af1b05aaf/th.jpg?u=https%3A%2F%2Ftse2.mm.bing.net%2Fth%3Fid%3DOIP.mnnE6mP-cq8IXeOFypuNaQHaE8%26pid%3DApi&q=0&b=1&p=0&a=0', 'https://s2.qwant.com/thumbr/474x266/7/b/12e648ef18feef40267c0cbce8d1c4bfd38de45f233138d903f57228426e64/th.jpg?u=https%3A%2F%2Ftse4.mm.bing.net%2Fth%3Fid%3DOIP.megOmD2NYP2mQxzmhwuYhwEsCo%26pid%3DApi&q=0&b=1&p=0&a=0']",51.0456735,-114.063738
 The Palomino Smokehouse,"109 7 Ave SW, Calgary, AB T2P 3E6",(403) 532-1911,https://www.opentable.ca/r/the-palomino-smokehouse-calgary?corrid=26186fa6-0a4f-4934-b0ab-72f332d001dd&avt=eyJ2IjoyLCJtIjoxLCJwIjowLCJzIjowLCJuIjowfQ&p=2&sd=2022-07-23T19%3A00%3A00,4.1,0.5,The Palomino is always the best. From the greeting to the good bye when you leave. Everything was outstanding. The appetizers were cooked to perfection. My client had the special he almost ate the plate. I had the chili and it was above and beyond anything I have ever had in the chili category!! Thank you Palomino I will be back again soon.,"Barbecue,Calgary","['https://s2.qwant.com/thumbr/474x355/6/4/fa038eddb81cd0d8e415a9744537618ba3c40daff0be6e47d951a03621c679/th.jpg?u=https%3A%2F%2Ftse2.mm.bing.net%2Fth%3Fid%3DOIP.JP5B0TmHRTqVWM8g0zXFqAHaFj%26pid%3DApi&q=0&b=1&p=0&a=0', 'https://s1.qwant.com/thumbr/474x355/a/5/85947a9e0133040b1c6924a89142e13733048641796984a0088c769e805fc6/th.jpg?u=https%3A%2F%2Ftse2.mm.bing.net%2Fth%3Fid%3DOIP.MFckKrohPd-jhunvY-dbtgHaFj%26pid%3DApi&q=0&b=1&p=0&a=0', 'https://s2.qwant.com/thumbr/474x316/4/3/4f6e9243236e7ce78c14ead39571dd9a02e1550333b617d2c4f1cc2d816a7d/th.jpg?u=https%3A%2F%2Ftse1.mm.bing.net%2Fth%3Fid%3DOIP.dEM72jKUeneKpnqtBmC6TwHaE8%26pid%3DApi&q=0&b=1&p=0&a=0']",51.0463584,-114.0635674
 National on 10th,"341 10 Ave SW, Calgary, AB T2R 0A5",(403) 474-2739,https://www.opentable.ca/r/national-on-10th-calgary?corrid=26186fa6-0a4f-4934-b0ab-72f332d001dd&avt=eyJ2IjoyLCJtIjoxLCJwIjowLCJzIjowLCJuIjowfQ&p=2&sd=2022-07-23T19%3A00%3A00,3.9,0.5,"Great Spot, wanted the patio but wasnt opened yet. Great Happy Hour but wish there was food options as well","Beer,Garden,Downtown","['https://s1.qwant.com/thumbr/474x316/3/5/39731fc4c6925617f79bd7bd30a3150431d4f557db038f08f010ad8c68c509/th.jpg?u=https%3A%2F%2Ftse3.mm.bing.net%2Fth%3Fid%3DOIP.rGPB778YD_Lxy9HqmQN1dQHaE8%26pid%3DApi&q=0&b=1&p=0&a=0', 'https://s1.qwant.com/thumbr/474x632/8/e/c5d964c154366f51e912ddc28db1189dafcb97ab30f9e011f77deb7437d782/th.jpg?u=https%3A%2F%2Ftse1.mm.bing.net%2Fth%3Fid%3DOIP.QBEVS6-yEDADLmGiBcBsrAHaJ4%26pid%3DApi&q=0&b=1&p=0&a=0', 'https://s1.qwant.com/thumbr/468x557/b/c/023c41c63b47703889eaba08663dbf16d696661f02b3e93533c11cba237d3e/th.jpg?u=https%3A%2F%2Ftse3.mm.bing.net%2Fth%3Fid%3DOIP.VeAsn4amE5oqPGzRSqx_xgAAAA%26pid%3DApi&q=0&b=1&p=0&a=0']",51.0434111,-114.0701399
 The Bank and Baron Pub,"125 8 Ave SW, Calgary, AB T2P 1B4",(587) 293-9688,https://www.opentable.ca/the-bank-and-baron-pub?corrid=26186fa6-0a4f-4934-b0ab-72f332d001dd&avt=eyJ2IjoyLCJtIjoxLCJwIjowLCJzIjowLCJuIjowfQ&p=2&sd=2022-07-23T19%3A00%3A00,3.9,0.5,"We were charged for extra alcohol but didnât notice till after we paid. The food was very bland and plain. I added chicken to my Caesar salad and was astonishing that it was half the price of the salad additionally. The dressing was bland. The beef dips were really bland as well. My drink was 50% water and the waiter never filled my drink up again so I had nothing till we were all done

I have been here a few times. Not sure why this experience was so terrible","Canadian,Downtown","['https://s2.qwant.com/thumbr/474x474/5/f/9139737a08d1d8e58d4ab05d823a1c34df85b4fdc880aac8f818aa14db6221/th.jpg?u=https%3A%2F%2Ftse2.mm.bing.net%2Fth%3Fid%3DOIP.V0A_o8rYE6F_fg7Jaj6yNgHaHa%26pid%3DApi&q=0&b=1&p=0&a=0', 'https://s2.qwant.com/thumbr/474x474/f/9/acce839a63e08eb422d2ea2d5c87807aec38e404355178cf87c5590028a34e/th.jpg?u=https%3A%2F%2Ftse1.mm.bing.net%2Fth%3Fid%3DOIP.JWHC-vVqGUjOxNfpwn652wHaHa%26pid%3DApi&q=0&b=1&p=0&a=0', 'https://s2.qwant.com/thumbr/474x474/5/d/a5417feb8af8820a4359cc580bd0b2f8858b1480a2edc6c8d51cacdb756c24/th.jpg?u=https%3A%2F%2Ftse2.mm.bing.net%2Fth%3Fid%3DOIP.FDrf02zeVL0dE0ykve5o7AHaHa%26pid%3DApi&q=0&b=1&p=0&a=0']",51.0454912,-114.0645955
 Thomsons Kitchen & Bar,"112 8 Ave SE, Calgary, AB T2G 5P6",(403) 537-4449,https://www.opentable.ca/r/thomsons-kitchen-and-bar-calgary?corrid=26186fa6-0a4f-4934-b0ab-72f332d001dd&avt=eyJ2IjoyLCJtIjoxLCJwIjowLCJzIjowLCJuIjowfQ&p=2&sd=2022-07-23T19%3A00%3A00,4,0.5,"Great food with lots of options. Was short staffed during Stampede that day, as it is otherwise  5 stars all around.","Canadian,Downtown","['https://s2.qwant.com/thumbr/474x316/6/d/fe62c3a57157e3f914a9a764ee54e31ceb7543f02516bba582c22f83eaa4fe/th.jpg?u=https%3A%2F%2Ftse4.mm.bing.net%2Fth%3Fid%3DOIP.wU0XKyQS41-O7qCdLTQHWgHaE8%26pid%3DApi&q=0&b=1&p=0&a=0', 'https://s1.qwant.com/thumbr/474x248/b/1/1abcde065bff77cd8c804ba9413374b65679e083591a200576451a16323bbd/th.jpg?u=https%3A%2F%2Ftse1.mm.bing.net%2Fth%3Fid%3DOIP.F5gV-meNMS4uRKexS2vG2AHaD4%26pid%3DApi&q=0&b=1&p=0&a=0', 'https://s2.qwant.com/thumbr/474x315/7/3/0f44c5949d46f538b13e55e45ad37f48823a270dfc8d91361802594e7707b6/th.jpg?u=https%3A%2F%2Ftse4.mm.bing.net%2Fth%3Fid%3DOIP.SaPQaEuu0UzyootxG-BpJAHaE7%26pid%3DApi&q=0&b=1&p=0&a=0']",51.04572895,-114.0623451
 Koi,"1011 1 St SW, Calgary, AB T2R 1J2",(403) 206-1564,https://www.opentable.ca/r/koi-calgary?corrid=26186fa6-0a4f-4934-b0ab-72f332d001dd&avt=eyJ2IjoyLCJtIjoxLCJwIjowLCJzIjowLCJuIjowfQ&p=2&sd=2022-07-23T19%3A00%3A00,4.3,0.5,Amazing experience at Koi. The live music combined with amazing food was sush a wonderful treat,"Contemporary,Asian,Downtown","['https://s2.qwant.com/thumbr/474x355/6/0/244665f176181580068cfb5670dad52a531e429134d04367b1b8f1801c8a25/th.jpg?u=https%3A%2F%2Ftse2.mm.bing.net%2Fth%3Fid%3DOIP.6i4w3TVSfAa7V-MpVpx2XwHaFj%26pid%3DApi&q=0&b=1&p=0&a=0', 'https://s2.qwant.com/thumbr/474x355/7/1/fcb76ca2a74a140bee06c68865f7eadb08b635fef5615223c4fee40a791249/th.jpg?u=https%3A%2F%2Ftse3.mm.bing.net%2Fth%3Fid%3DOIP.TJVS-R90ilbnMvcpQDkUMQHaFj%26pid%3DApi&q=0&b=1&p=0&a=0', 'https://s2.qwant.com/thumbr/474x355/5/5/290143ab7f557226e5f616b432106d01e09af3c00c3a384060e315cc7a5c1f/th.jpg?u=https%3A%2F%2Ftse3.mm.bing.net%2Fth%3Fid%3DOIP.LFm2VI9svcSRM0yyQRnIQQHaFj%26pid%3DApi&q=0&b=1&p=0&a=0']",51.0427853,-114.0659277
 Original Joe's - Stephen Ave,"109 8 Ave SW, Calgary, AB T2P 1B4",(403) 262-7248,https://www.opentable.ca/r/original-joes-stephen-ave-calbary?corrid=26186fa6-0a4f-4934-b0ab-72f332d001dd&avt=eyJ2IjoyLCJtIjoxLCJwIjowLCJzIjowLCJuIjowfQ&p=2&sd=2022-07-23T19%3A00%3A00,3,0.5,We were early enough to enjoy a few appies on the happy hour menu.  A nice draft selection with local offerings.  We had a group gathering and could easily chat amongst us which is great over a loud place.,"Burgers,Downtown","['https://s1.qwant.com/thumbr/474x248/8/8/895ca19d8236de49ccdeefe5c3b34ad486d870d1fef021908d59b800d849d2/th.jpg?u=https%3A%2F%2Ftse3.mm.bing.net%2Fth%3Fid%3DOIP.0qmXE-K6dULPw4gQ5py89wHaD4%26pid%3DApi&q=0&b=1&p=0&a=0', 'https://s1.qwant.com/thumbr/474x474/1/8/efdfa0d8c797bf2b733a7260688a29e7072c7635fe358a8ef781844f0397b6/th.jpg?u=https%3A%2F%2Ftse3.mm.bing.net%2Fth%3Fid%3DOIP.BXmk9YB5OpRq-s8ADETmWwHaHa%26pid%3DApi&q=0&b=1&p=0&a=0', 'https://s2.qwant.com/thumbr/474x355/4/a/825238b2166b741e8433ecb346be2fb9418bb2acf4dd0412e46a1ba44af0cd/th.jpg?u=https%3A%2F%2Ftse4.mm.bing.net%2Fth%3Fid%3DOIP.xAdnw7WsfPLFYnH8M_BtUQHaFj%26pid%3DApi&q=0&b=1&p=0&a=0']",51.0452941,-114.0636947
 OWL Patio & Bar,"320 4 Ave SW, Calgary, AB T2P 2S6",(403) 463-2335,https://www.opentable.ca/r/owl-patio-and-bar-calgary?corrid=26186fa6-0a4f-4934-b0ab-72f332d001dd&avt=eyJ2IjoyLCJtIjoxLCJwIjowLCJzIjowLCJuIjowfQ&p=2&sd=2022-07-23T19%3A00%3A00,2.5,0.5,Food good for casual spot but noisy since outside at street level,"Contemporary,Canadian,Calgary","['https://s1.qwant.com/thumbr/474x474/a/0/25341e5b5679dea63b8deb037efbe333077e32e885be8095d0af8ac996c979/th.jpg?u=https%3A%2F%2Ftse2.mm.bing.net%2Fth%3Fid%3DOIP.tf9Hr3kUT0eXgWW-h835EgHaHa%26pid%3DApi&q=0&b=1&p=0&a=0', 'https://s2.qwant.com/thumbr/474x474/6/b/b409bb700732593b1b387b5f2501f375e3f317f87ea3d31669ed2e1f773011/th.jpg?u=https%3A%2F%2Ftse2.mm.bing.net%2Fth%3Fid%3DOIP.K9hb8gCUHNZBi_Zq9tpDWgHaHa%26pid%3DApi&q=0&b=1&p=0&a=0', 'https://s2.qwant.com/thumbr/474x474/c/a/e7adddd6da8a7743c173be8177e442b1a24127f8f686636fa2d5b384ab6998/th.jpg?u=https%3A%2F%2Ftse1.mm.bing.net%2Fth%3Fid%3DOIP.Y8ncZA9kYKqKpFRolv9AsgHaHa%26pid%3DApi&q=0&b=1&p=0&a=0']",51.05018365,-114.0693031
 Bridgette Bar,"739 10 Ave SW, Calgary, AB T2R 0B3",(587) 319-6827,https://www.opentable.ca/r/bridgette-bar-calgary?corrid=26186fa6-0a4f-4934-b0ab-72f332d001dd&avt=eyJ2IjoyLCJtIjoxLCJwIjowLCJzIjowLCJuIjowfQ&p=2&sd=2022-07-23T19%3A00%3A00,4.7,0.5,"Everything was amazing! Had the roasted cauliflower, the rigatoni and the italian pork sausage. Highly recommend all 3 dishes. Will definitely come back and try more!","American,Downtown","['https://s1.qwant.com/thumbr/474x711/3/5/74bbe96ed4a6d636bb120f0a6e79c5d47a81dd2a681e35761555a59713448e/th.jpg?u=https%3A%2F%2Ftse2.mm.bing.net%2Fth%3Fid%3DOIP.Pnm0qx51EKlYoHIkqmnBOwHaLH%26pid%3DApi&q=0&b=1&p=0&a=0', 'https://s2.qwant.com/thumbr/474x315/6/3/f2ad2ef742bf69794e702a851a223cb3910dc270fc6cc47350b1223e73f935/th.jpg?u=https%3A%2F%2Ftse2.mm.bing.net%2Fth%3Fid%3DOIP.j6ZNpzwQsddQC-GkZ5orMQHaE7%26pid%3DApi&q=0&b=1&p=0&a=0', 'https://s1.qwant.com/thumbr/474x711/a/b/e535fc4706161914e02f1f5c94de4231b715769c78288f3126ca6479b1a265/th.jpg?u=https%3A%2F%2Ftse1.mm.bing.net%2Fth%3Fid%3DOIP.IrE3Y7tjlZIY40kcCfhCWAHaLH%26pid%3DApi&q=0&b=1&p=0&a=0']",51.0435354,-114.078718
 Sensei Bar,"1520 14 St SW, Calgary, AB T3C 1C9",(403) 230-4388,https://www.opentable.ca/r/sensei-bar-calgary?corrid=c308e5e0-5ec9-49f5-8b59-3d1e34649c06&avt=eyJ2IjoyLCJtIjoxLCJwIjoxLCJzIjowLCJuIjowfQ&p=2&sd=2022-07-23T19%3A00%3A00,4.6,0.75,"Been here before. Pretty cool menu; the food is great. That said, I do wish some of the items were available for couples, as opposed to groups only, in terms of their portions. Plus, their tables are pretty small given the plates they end up bringing out. Quite the squeeze. Overall, Iâd still recommend.","Contemporary,Asian,Beltline","['https://s1.qwant.com/thumbr/474x484/a/1/19f1e455ffae7e6a8e2b333968a3a7c2c3eabc858e7952a043fd249ccb8ef7/th.jpg?u=https%3A%2F%2Ftse1.mm.bing.net%2Fth%3Fid%3DOIP.MUN3XXleAAsjlzm3L81lOAHaHk%26pid%3DApi&q=0&b=1&p=0&a=0', 'https://s2.qwant.com/thumbr/474x316/d/0/b130a38e0529792cece4eca3c7be5d2919ab4904add4722d0f5ddbdd2f5766/th.jpg?u=https%3A%2F%2Ftse3.mm.bing.net%2Fth%3Fid%3DOIP.fze4Gx8eKp3tQBM2XxfcEAHaE8%26pid%3DApi&q=0&b=1&p=0&a=0', 'https://s1.qwant.com/thumbr/474x356/8/e/ed2844d3fdabb80e12c92e388a1d74145ceeb2197d8e7b02d9d53b02270489/th.jpg?u=https%3A%2F%2Ftse4.mm.bing.net%2Fth%3Fid%3DOIP.gfC7wo86SYsanNjqaLhQTAHaFk%26pid%3DApi&q=0&b=1&p=0&a=0']",51.0387125,-114.0943712
 Lulu Bar,"510 17 Ave SW, Calgary, AB T2S 0B1",(403) 930-5707,https://www.opentable.ca/r/lulu-bar-calgary?corrid=c308e5e0-5ec9-49f5-8b59-3d1e34649c06&avt=eyJ2IjoyLCJtIjoxLCJwIjowLCJzIjowLCJuIjowfQ&p=2&sd=2022-07-23T19%3A00%3A00,5,0.5,The drink selection was good (for both alcoholic and non-alcoholic beverages) and were served in fun glasses. The timing of the dishes coming out of the kitchen was perfect - we didn't feel rushed out of the restaurant but we also weren't left sitting hungry for too long. The food was very tasty and was perfect for sharing.,"Pacific,Rim,Downtown","['https://s2.qwant.com/thumbr/474x711/f/a/d3c0cf03526cd297a7db36ff3775398e2608c9c98d06bc5966dfd0e49ac0ff/th.jpg?u=https%3A%2F%2Ftse2.mm.bing.net%2Fth%3Fid%3DOIP.KiMSTH0wNmQQTLPt3zn_QAHaLH%26pid%3DApi&q=0&b=1&p=0&a=0', 'https://s2.qwant.com/thumbr/474x315/f/b/e6bd8b2f8161c7cb6133537fca9babac814af501ae0e554a5a3dd679a048bd/th.jpg?u=https%3A%2F%2Ftse3.mm.bing.net%2Fth%3Fid%3DOIP.ezpnrkLPQtSR55cI0JSIdQHaE7%26pid%3DApi&q=0&b=1&p=0&a=0', 'https://s1.qwant.com/thumbr/474x316/2/1/95c81720f8c153dce348141e1662e075e739e2f25dfc7e16469e27e308e89e/th.jpg?u=https%3A%2F%2Ftse2.mm.bing.net%2Fth%3Fid%3DOIP.PxaLeV7cAHz-UK8ZXD5KFQHaE8%26pid%3DApi&q=0&b=1&p=0&a=0']",51.0380258,-114.0722013
" Gyu-Kaku - Calgary, AB","638 6 Ave SW #100, Calgary, AB T2P 0S4",(587) 538-6601,https://www.opentable.ca/r/gyu-kaku-calgary?corrid=c308e5e0-5ec9-49f5-8b59-3d1e34649c06&avt=eyJ2IjoyLCJtIjoxLCJwIjowLCJzIjowLCJuIjowfQ&p=2&sd=2022-07-23T19%3A00%3A00,4.4,0.5,All of the food was delicious! The service was quick and our waitress was wonderful!,"Japanese,Calgary","['https://s1.qwant.com/thumbr/474x636/a/0/c442cde7de8ad111655144873d823ed0071715aa87d3764b076ad836b60baa/th.jpg?u=https%3A%2F%2Ftse1.mm.bing.net%2Fth%3Fid%3DOIP.xNfgH0Ck2K4pmsfppAtFUAHaJ8%26pid%3DApi&q=0&b=1&p=0&a=0', 'https://s1.qwant.com/thumbr/450x450/0/7/a44ba6029aec277b0023c9a9b0b553570d879d9fa600e07b7d233c13ae5227/th.jpg?u=https%3A%2F%2Ftse2.mm.bing.net%2Fth%3Fid%3DOIP.0bVgSx2d819tRJJRbrN39AAAAA%26pid%3DApi&q=0&b=1&p=0&a=0', 'https://s2.qwant.com/thumbr/250x250/e/e/90adf1ea16e7b8a71de4d0ac292c6c3ebc20a1aa9be99a8adb7e72a6e1e124/th.jpg?u=https%3A%2F%2Ftse1.mm.bing.net%2Fth%3Fid%3DOIP.CKv1V72KqDukjU6heRYZjAAAAA%26pid%3DApi&q=0&b=1&p=0&a=0']",51.0479338,-114.0759523
 MODERN STEAK on Stephen Avenue,"100 8 Ave SE, Calgary, AB T2G 0K6",(403) 244-3600,https://www.opentable.ca/r/modern-steak-on-stephen-avenue-calgary?corrid=c308e5e0-5ec9-49f5-8b59-3d1e34649c06&avt=eyJ2IjoyLCJtIjoxLCJwIjowLCJzIjowLCJuIjowfQ&p=2&sd=2022-07-23T19%3A00%3A00,2,1,"Celebrated my birthday here with my family last night. Everyone was so lovely, and the food was great!","Steakhouse,Downtown","['https://s1.qwant.com/thumbr/474x474/0/d/ba5303f406b28d360bcf53af8271fee1ef79f93eead73c637aee657f7326cc/th.jpg?u=https%3A%2F%2Ftse2.mm.bing.net%2Fth%3Fid%3DOIP.c1P1fhvGrme7njZiHCOK3wHaHa%26pid%3DApi&q=0&b=1&p=0&a=0', 'https://s2.qwant.com/thumbr/474x474/f/9/24aa37c0589046ffe5c398c2f90513f5f789f4029efc26db8bba1c63305828/th.jpg?u=https%3A%2F%2Ftse2.mm.bing.net%2Fth%3Fid%3DOIP.li0_1416p5P2TJ7M3Fw_VwHaHa%26pid%3DApi&q=0&b=1&p=0&a=0', 'https://s1.qwant.com/thumbr/474x245/2/3/a5eaf0f33b2a2f9549fd6fa91de4f78ecf859b08c8390d52c83231615a85bd/th.jpg?u=https%3A%2F%2Ftse3.mm.bing.net%2Fth%3Fid%3DOIP.72qYEqKlF2TkCullu9J9qAHaD1%26pid%3DApi&q=0&b=1&p=0&a=0']",51.0456634,-114.0628283
 ANEJO Restaurant,"2116 4 St SW #2, Calgary, AB T2S 1W7",(587) 353-2656,https://www.opentable.ca/anejo-restaurant?corrid=c308e5e0-5ec9-49f5-8b59-3d1e34649c06&avt=eyJ2IjoyLCJtIjoxLCJwIjowLCJzIjowLCJuIjowfQ&p=2&sd=2022-07-23T19%3A00%3A00,4.2,0.5,Kids leaving home,"Mexican,Mission","['https://s2.qwant.com/thumbr/474x474/5/3/532b8f6868944e4026a8070ee47ad6c18317785bf1334fb1f32eb605941588/th.jpg?u=https%3A%2F%2Ftse3.mm.bing.net%2Fth%3Fid%3DOIP.WicqRmTTLEGkKIfl_v4QmQHaHa%26pid%3DApi&q=0&b=1&p=0&a=0', 'https://s2.qwant.com/thumbr/474x474/4/a/e57c7d9e27c37de3175dd88d7cd29495b5c3c9127ab0f1e2190665b06c3e9d/th.jpg?u=https%3A%2F%2Ftse1.mm.bing.net%2Fth%3Fid%3DOIP.qUOJu5JWmEEqARi4pHfUHwHaHa%26pid%3DApi&q=0&b=1&p=0&a=0', 'https://s1.qwant.com/thumbr/474x355/9/c/a00900140138d52ad56b90db75f5da8c0f7799644edc4ae1315d9fa1fadfe5/th.jpg?u=https%3A%2F%2Ftse4.mm.bing.net%2Fth%3Fid%3DOIP.1c6C6PYfpB30isNpe_EqrgHaFj%26pid%3DApi&q=0&b=1&p=0&a=0']",51.0337159,-114.071268
 Pigeonhole,"306 17 Ave SW, Calgary, AB T2S 0A8",(403) 452-4694,https://www.opentable.ca/pigeonhole?corrid=c308e5e0-5ec9-49f5-8b59-3d1e34649c06&avt=eyJ2IjoyLCJtIjoxLCJwIjowLCJzIjowLCJuIjowfQ&p=2&sd=2022-07-23T19%3A00%3A00,4,0.75,Unique menu nicely executed- friendly and helpful staff.,"Dining,Bar,Downtown","['https://s2.qwant.com/thumbr/474x711/e/d/3ed8e0af270d7633a63d6708ffd7a7819455da72c7a3b11c0870842953a28f/th.jpg?u=https%3A%2F%2Ftse2.mm.bing.net%2Fth%3Fid%3DOIP.iSSKpS6p1QEQyQdPJpMWhAHaLH%26pid%3DApi&q=0&b=1&p=0&a=0', 'https://s1.qwant.com/thumbr/474x711/8/6/144d88e09dc9a67793695aead8931fa0684e94a9f3cc3591b64fbc77f5c35a/th.jpg?u=https%3A%2F%2Ftse4.mm.bing.net%2Fth%3Fid%3DOIP.jFPvxKkyV2omltTvEYRKiAHaLH%26pid%3DApi&q=0&b=1&p=0&a=0', 'https://s2.qwant.com/thumbr/474x632/f/f/7bb8d4a5f0a9e6ef32b89dd2753c27cbd3b11b3b990b474703a5ab0a3b00d8/th.jpg?u=https%3A%2F%2Ftse4.mm.bing.net%2Fth%3Fid%3DOIP.EES_6c9yaikDo2RCGMnXMwHaJ4%26pid%3DApi&q=0&b=1&p=0&a=0']",51.0379387,-114.0689245
 Milestones Grill + Bar - Calgary - Stephen Avenue,"107 8 Ave SE, Calgary, AB T2G 0K4",(403) 410-9521,https://www.opentable.ca/r/milestones-grill-and-bar-calgary-stephen-avenue-calgary?corrid=c308e5e0-5ec9-49f5-8b59-3d1e34649c06&avt=eyJ2IjoyLCJtIjoxLCJwIjowLCJzIjowLCJuIjowfQ&p=2&sd=2022-07-23T19%3A00%3A00,3.1,0.5,Happy hour was delicious. The tacos were amazing and the feast salad along with it was yummy. The cauliflower and calimari appetizers were very tasty. Great find across from the Hyatt Regency,"Global,International,Downtown","['https://s1.qwant.com/thumbr/474x474/9/d/0898cf59639206e27fe750556b84a6b15360c3a1bf5ae73433654c1ca66ae4/th.jpg?u=https%3A%2F%2Ftse4.mm.bing.net%2Fth%3Fid%3DOIP.KQWB2SzMQKypQn3uCbjBvQHaHa%26pid%3DApi&q=0&b=1&p=0&a=0', 'https://s1.qwant.com/thumbr/474x474/8/0/7c36b1eed27f3be73e7bb09dc50670169d1e503cefd8a82e8fc6728b3c5485/th.jpg?u=https%3A%2F%2Ftse1.mm.bing.net%2Fth%3Fid%3DOIP.rpakBOyphHGemYo0vSPliAHaHa%26pid%3DApi&q=0&b=1&p=0&a=0', 'https://s1.qwant.com/thumbr/474x316/0/4/87ab9812c31c36b7a9462e7120bdadef30227c10af7dd8a3734fcab330f562/th.jpg?u=https%3A%2F%2Ftse3.mm.bing.net%2Fth%3Fid%3DOIP.AiMRUYvot5KZuZxxxs1n0AHaE8%26pid%3DApi&q=0&b=1&p=0&a=0']",51.0453858,-114.06274
 charbar,"Simmons Building, 618 Confluence Way SE, Calgary, AB T2G 0G1",(403) 452-3115,https://www.opentable.ca/charbar?corrid=c308e5e0-5ec9-49f5-8b59-3d1e34649c06&avt=eyJ2IjoyLCJtIjoxLCJwIjowLCJzIjowLCJuIjowfQ&p=2&sd=2022-07-23T19%3A00%3A00,4.2,0.5,"It was our first visit to CharBar.  It was not quite what we expected.  We were looking for a nice lunch out with friends.  It was difficult to make a decision from the menu.  Lots of big portions, too much for seniors.  We did decide and when the food arrived it was most satisfactory.  The waiter was most attentive and provided careful service.","Canadian,Downtown","['https://s1.qwant.com/thumbr/474x710/2/c/5a8e885b2a407731c4582ef95f2956627a7e3926a20fab842d9a122f0be7f2/th.jpg?u=https%3A%2F%2Ftse4.mm.bing.net%2Fth%3Fid%3DOIP.hmIy4qjD56VraHPba3wG2QHaLG%26pid%3DApi&q=0&b=1&p=0&a=0', 'https://s2.qwant.com/thumbr/474x316/d/2/9ba99d572502d5ae1bcab043481c8929578f3f58e3802fe8fde8e41ce70f17/th.jpg?u=https%3A%2F%2Ftse2.mm.bing.net%2Fth%3Fid%3DOIP.kzwdtfGaj7VlSchxgV4A5gHaE8%26pid%3DApi&q=0&b=1&p=0&a=0', 'https://s2.qwant.com/thumbr/474x355/7/1/e64379c238bb41d369ee9fcfc3be3ca86e3788aa668abe121077def2ad3abf/th.jpg?u=https%3A%2F%2Ftse2.mm.bing.net%2Fth%3Fid%3DOIP.NkTFxPemXXiNL3UqBpt0nQHaFj%26pid%3DApi&q=0&b=1&p=0&a=0']",51.04792005,-114.049785
 Cardinale,"401 12 Ave SE, Calgary, AB T2G 1A5",(403) 264-6046,https://www.opentable.ca/r/cardinale-restaurant-calgary?corrid=c308e5e0-5ec9-49f5-8b59-3d1e34649c06&avt=eyJ2IjoyLCJtIjoxLCJwIjowLCJzIjowLCJuIjowfQ&p=2&sd=2022-07-23T19%3A00%3A00,4.8,0.5,"Great food, great staff, great service ! Loved the food and wine menu","Italian,Calgary","['https://s2.qwant.com/thumbr/474x400/c/0/beb00e4a5f7959f507ae893ed1f0572a5666494d91b809104aff8221bdaddb/th.jpg?u=https%3A%2F%2Ftse1.mm.bing.net%2Fth%3Fid%3DOIP.PH-0NNEMRBjdJ5enkJ7sJgHaGQ%26pid%3DApi&q=0&b=1&p=0&a=0', 'https://s2.qwant.com/thumbr/474x316/4/a/ed2c5f69a21dd4c0148d7c216daffddf62d0a72733789a4fdd64541bf0f464/th.jpg?u=https%3A%2F%2Ftse3.mm.bing.net%2Fth%3Fid%3DOIP.NrlnGkkoVuS9IkwUGbN0GAHaE8%26pid%3DApi&q=0&b=1&p=0&a=0', 'https://s2.qwant.com/thumbr/474x602/f/f/41973327c8d4ec700d492c85d0fb8e1fc2a41082289c83812f7bda01ed87c6/th.jpg?u=https%3A%2F%2Ftse4.mm.bing.net%2Fth%3Fid%3DOIP.QPR7J5fc0wBB-tjKbIhCagHaJa%26pid%3DApi&q=0&b=1&p=0&a=0']",51.0411774,-114.0544314
 Yellow Door Bistro,"119 12 Ave SW, Calgary, AB T2R 0G8",(403) 206-9585,https://www.opentable.ca/r/yellow-door-bistro-calgary?corrid=c308e5e0-5ec9-49f5-8b59-3d1e34649c06&avt=eyJ2IjoyLCJtIjoxLCJwIjowLCJzIjowLCJuIjowfQ&p=2&sd=2022-07-23T19%3A00%3A00,3.5,0.75,"Went there to celebrate my best friends birthday. The experience was phenomenal from beginning to the end. Our server Jean was also amazing. He made the experience so smooth and enjoyable. He recommended a few items on the menu, which we ordered and were incredible. Overall, I would return here, the experience and the food were absolutely amazing.","Contemporary,European,Calgary","['https://s1.qwant.com/thumbr/474x474/0/0/1552d8580ac8c535f31c68404ce902fbfd01f6793db46256c4c89fba1eccbf/th.jpg?u=https%3A%2F%2Ftse1.mm.bing.net%2Fth%3Fid%3DOIP.NrimwuD927A2jnJ1O3TsNwHaHa%26pid%3DApi&q=0&b=1&p=0&a=0', 'https://s1.qwant.com/thumbr/474x474/0/2/41aa475b508d429b50abf3188a9c2e3f63ac8742134701132d31a7e966a319/th.jpg?u=https%3A%2F%2Ftse4.mm.bing.net%2Fth%3Fid%3DOIP.ox8Da-7bYxdonbVOlmCLEAHaHa%26pid%3DApi&q=0&b=1&p=0&a=0', 'https://s2.qwant.com/thumbr/474x711/6/4/745698d5dfa1f62e2dd1a89aa80b207b39f455a63a063ad651dd7a5d3882c6/th.jpg?u=https%3A%2F%2Ftse2.mm.bing.net%2Fth%3Fid%3DOIP.b3hQkRdcdIuEjQNr2OlESQHaLH%26pid%3DApi&q=0&b=1&p=0&a=0']",51.0406364,-114.0646888
 Pulcinella,"1147 Kensington Crescent NW, Calgary, AB T2N 1X7",(403) 283-1166,https://www.opentable.ca/pulcinella-calgary?corrid=c308e5e0-5ec9-49f5-8b59-3d1e34649c06&avt=eyJ2IjoyLCJtIjoxLCJwIjowLCJzIjowLCJuIjowfQ&p=2&sd=2022-07-23T19%3A00%3A00,4.1,0.5,It was a nice sunny day and sat upstairs in the patio.  The waitress was friendly and attentive.  Really enjoyed the caprese salad and sangria.,"Italian,Kensington","['https://s2.qwant.com/thumbr/450x450/d/3/d31bb1dc5c01bfbed03e5a54df2c21179b66c9e98ef639d7e5d44aff678766/th.jpg?u=https%3A%2F%2Ftse2.mm.bing.net%2Fth%3Fid%3DOIP.Iw0o5dfmzwv3Ay26Fdd2owAAAA%26pid%3DApi&q=0&b=1&p=0&a=0', 'https://s1.qwant.com/thumbr/474x355/b/1/82cecaaeb3052acc2c722d168dac4239129bfc6505fa80d1324671fd2a13be/th.jpg?u=https%3A%2F%2Ftse1.mm.bing.net%2Fth%3Fid%3DOIP.Ia-s52TJuoDN1c4Qzagr6QHaFj%26pid%3DApi&q=0&b=1&p=0&a=0', 'https://s2.qwant.com/thumbr/474x474/c/8/3b68cc6e9fa6bba732d3fdc91c1a9ac4f1911816aac2e85bddd001c6919d65/th.jpg?u=https%3A%2F%2Ftse1.mm.bing.net%2Fth%3Fid%3DOIP.oIfB3zC7lzagwMlvCX4rWgHaHa%26pid%3DApi&q=0&b=1&p=0&a=0']",51.05211945,-114.0886926
 Posto Pizzeria and Bar,"1014 8 St SW, Calgary, AB T2R 1K2",(403) 263-4876,https://www.opentable.ca/posto-pizzeria-and-bar?corrid=c308e5e0-5ec9-49f5-8b59-3d1e34649c06&avt=eyJ2IjoyLCJtIjoxLCJwIjowLCJzIjowLCJuIjowfQ&p=2&sd=2022-07-23T19%3A00%3A00,4.5,0.5,"The food is great, the drinks are amazing, but the staff are the best part of the experience! Love it here, always a good time. The burrata is so good it should be illegal.","Canadian,Calgary","['https://s1.qwant.com/thumbr/474x314/1/c/f73f1768b2d4304e5da94914cc64cf8888c4ea30bec8d7b80396610cb4a4c5/th.jpg?u=https%3A%2F%2Ftse4.mm.bing.net%2Fth%3Fid%3DOIP.iFk03tjk6hFzU06z5pSY4AHaE6%26pid%3DApi&q=0&b=1&p=0&a=0', 'https://s2.qwant.com/thumbr/474x316/4/9/05e3821679f2881f201f801b58ad92b68060cb7c4c2fccf8458b5785c0503e/th.jpg?u=https%3A%2F%2Ftse3.mm.bing.net%2Fth%3Fid%3DOIP.U1Yyx1DjkIFubM0uYl1DUAHaE8%26pid%3DApi&q=0&b=1&p=0&a=0', 'https://s1.qwant.com/thumbr/474x711/b/6/92812b46549050135bf64d1732ec43d32b8aff5ad41adc64ce22a072937882/th.jpg?u=https%3A%2F%2Ftse1.mm.bing.net%2Fth%3Fid%3DOIP.ZkEmXMRAatyICDkVjiqRtQHaLH%26pid%3DApi&q=0&b=1&p=0&a=0']",51.043919,-114.0813489
 Blanco Cantina â Calgary Kensington,"1140 Kensington Rd NW, Calgary, AB T2N 3P3",(403) 454-9602,https://www.opentable.ca/r/blanco-cantina-calgary-kensington?corrid=c308e5e0-5ec9-49f5-8b59-3d1e34649c06&avt=eyJ2IjoyLCJtIjoxLCJwIjowLCJzIjowLCJuIjowfQ&p=2&sd=2022-07-23T19%3A00%3A00,5,0.75,It was a patio weather nite & the Food & ambience were excellent! Our server was Kayla & she was outstanding! Super friendly & lots of fun!!,"Mexican,Kensington","['https://s1.qwant.com/thumbr/474x316/8/2/85536804efac65ae12ef13700eeee2bce1b178f8aff6cffbee77beb38b3607/th.jpg?u=https%3A%2F%2Ftse1.mm.bing.net%2Fth%3Fid%3DOIP.D_MK12G0W-fZex2b_ZwwnAHaE8%26pid%3DApi&q=0&b=1&p=0&a=0', 'https://s1.qwant.com/thumbr/474x244/0/6/90a1029b1a67ff6d4a3c2805f5262195ba28c3fedb0be76361542561632fc4/th.jpg?u=https%3A%2F%2Ftse3.explicit.bing.net%2Fth%3Fid%3DOIP.bQqQ_DLrPNCjh3AOJOZMLAHaD0%26pid%3DApi&q=0&b=1&p=0&a=0', 'https://s1.qwant.com/thumbr/474x332/b/5/82cc236db94a1fb25990ae513b690c1bbf71e99f432678428cdd6a348f4cb6/th.jpg?u=https%3A%2F%2Ftse3.mm.bing.net%2Fth%3Fid%3DOIP.jM9sd2R8dojf7n4lJbHK5gHaFM%26pid%3DApi&q=0&b=1&p=0&a=0']",51.05273865,-114.088515
 The Living Room Restaurant,"514 17 Ave SW, Calgary, AB T2S 0B1",(403) 228-9830,https://www.opentable.ca/the-living-room-restaurant?corrid=c308e5e0-5ec9-49f5-8b59-3d1e34649c06&avt=eyJ2IjoyLCJtIjoxLCJwIjowLCJzIjowLCJuIjowfQ&p=2&sd=2022-07-23T19%3A00%3A00,4.2,0.5,"Good wine selection, good service, most patrons were sat outside so the inside was very quiet.","Contemporary,French,American,Downtown","['https://s1.qwant.com/thumbr/474x474/2/0/62467eedb166bdda4bfa4d2a8675c6b5409ae16cd5233cc3d5ba30965ba177/th.jpg?u=https%3A%2F%2Ftse1.mm.bing.net%2Fth%3Fid%3DOIP.gnrSeeGYkQiAV6GAEj4ZNgHaHa%26pid%3DApi&q=0&b=1&p=0&a=0', 'https://s2.qwant.com/thumbr/474x242/f/3/a7d769e3dea1bcf04d6241075698fb2702ef2bae59a8627f3ee0bd0a33002a/th.jpg?u=https%3A%2F%2Ftse1.mm.bing.net%2Fth%3Fid%3DOIP.-XQomrdeJ_BHqHtvQlXJOQHaDy%26pid%3DApi&q=0&b=1&p=0&a=0', 'https://s2.qwant.com/thumbr/474x355/6/8/c03185f9e95f56f9c9a26c6b4ac3e036da568864eab50d59e66e225cf19c41/th.jpg?u=https%3A%2F%2Ftse3.mm.bing.net%2Fth%3Fid%3DOIP.NHbczyWOknyV-wVsfYRCsQHaFj%26pid%3DApi&q=0&b=1&p=0&a=0']",51.03812465,-114.0724468
 Carino,"2210 4 St SW, Calgary, AB T2S 1W9",(403) 454-7668,https://www.opentable.ca/r/carino?corrid=c308e5e0-5ec9-49f5-8b59-3d1e34649c06&avt=eyJ2IjoyLCJtIjoxLCJwIjowLCJzIjowLCJuIjowfQ&p=2&sd=2022-07-23T19%3A00%3A00,4.6,0.75,Food was amazing. The servers were also very attentive to our needs. Would definitely come again.,"Italian,Mission","['https://s2.qwant.com/thumbr/474x474/4/3/df3a89056edadc1c374db7b7d39ce5bf8e1c83a07657a3e0468558df6890ec/th.jpg?u=https%3A%2F%2Ftse2.mm.bing.net%2Fth%3Fid%3DOIP.0BxbL2Ep7JAyyjs0z2nqegHaHa%26pid%3DApi&q=0&b=1&p=0&a=0', 'https://s2.qwant.com/thumbr/474x351/d/f/b8930a65492385a22f71fed9ad426f3f6aec1a1fe7b53e21f3999c3a66fbb7/th.jpg?u=https%3A%2F%2Ftse4.mm.bing.net%2Fth%3Fid%3DOIP.Vc1BILNp3qzVE7O3Ispg3gEsDe%26pid%3DApi&q=0&b=1&p=0&a=0', 'https://s2.qwant.com/thumbr/474x474/4/5/51531b7bf85eddd9925c34a8331200c603af4910ab994e5d9d4a2190b65493/th.jpg?u=https%3A%2F%2Ftse2.mm.bing.net%2Fth%3Fid%3DOIP.wATd3kVqf2uZEcybvK9N1wHaHa%26pid%3DApi&q=0&b=1&p=0&a=0']",51.0329384,-114.0715217
 Buchanan's Chop House and Whisky Bar,"738 3 Ave SW, Calgary, AB T2P 0G7",(403) 261-4646,https://www.opentable.ca/r/buchanans-chop-house-and-whisky-bar-calgary?corrid=c308e5e0-5ec9-49f5-8b59-3d1e34649c06&avt=eyJ2IjoyLCJtIjoxLCJwIjowLCJzIjowLCJuIjowfQ&p=2&sd=2022-07-23T19%3A00%3A00,5,0.75,I always appreciate the service at Buchanan's and the food is delicious!,"Steakhouse,Calgary","['https://s2.qwant.com/thumbr/400x400/d/0/77a9c8d40777105d12fa26aba16aaca0179d520f40aa45e05feb43840e18e3/th.jpg?u=https%3A%2F%2Ftse2.mm.bing.net%2Fth%3Fid%3DOIP.dwELbaZDUEl_Jt0lavz0OwAAAA%26pid%3DApi&q=0&b=1&p=0&a=0', 'https://s1.qwant.com/thumbr/474x355/a/c/ab890580e4bd86ee362f4c9ef112b24b0516fecee884cfd4e1a25bfa8cc5dd/th.jpg?u=https%3A%2F%2Ftse3.mm.bing.net%2Fth%3Fid%3DOIP.4rsGdeZxTjsffK_JZ918BAHaFj%26pid%3DApi&q=0&b=1&p=0&a=0', 'https://s2.qwant.com/thumbr/250x250/4/c/ddc82cf574e84ecddb1de48cd6a9e514254f99856332d7de4b3627b5fe90fd/th.jpg?u=https%3A%2F%2Ftse4.mm.bing.net%2Fth%3Fid%3DOIP.0CgbtG0WS8yY2fttf-L44wAAAA%26pid%3DApi&q=0&b=1&p=0&a=0']",51.0510007,-114.0776299
 National on 17th,"550 17 Ave SW, Calgary, AB T2S 0B1",(403) 229-0226,https://www.opentable.ca/r/national-on-17th-calgary?corrid=c308e5e0-5ec9-49f5-8b59-3d1e34649c06&avt=eyJ2IjoyLCJtIjoxLCJwIjowLCJzIjowLCJuIjowfQ&p=2&sd=2022-07-23T19%3A00%3A00,3.9,0.5,Great Patio and Music. Large Tables and lots of sun!,"Canadian,Downtown","['https://s1.qwant.com/thumbr/474x355/2/9/bf6a0f07b26bd13abe648d430e35f0ccb30a547109273ec4a6f9d703fe3a7b/th.jpg?u=https%3A%2F%2Ftse3.mm.bing.net%2Fth%3Fid%3DOIP.wvcOgf2Bba-uZHJbOtj6TwHaFj%26pid%3DApi&q=0&b=1&p=0&a=0', 'https://s1.qwant.com/thumbr/474x355/0/a/9eb184980357527417027a437b8d17d83395069a8908cdcb9d28b029e2aec8/th.jpg?u=https%3A%2F%2Ftse1.mm.bing.net%2Fth%3Fid%3DOIP.VNivEcKp0WewrbDEo_FvjwHaFj%26pid%3DApi&q=0&b=1&p=0&a=0', 'https://s2.qwant.com/thumbr/474x314/7/9/82a7d4d08121ff918b28a33d2bc2f40bea5cda892522c25d649624d4245b2c/th.jpg?u=https%3A%2F%2Ftse3.mm.bing.net%2Fth%3Fid%3DOIP.aXt3kL_j5wP8afpxUOcpiwHaE6%26pid%3DApi&q=0&b=1&p=0&a=0']",51.0379965,-114.073926
 Vin Room Mission,"2310 4 St SW, Calgary, AB T2S 1X2",(403) 457-5522,https://www.opentable.ca/vin-room-mission?corrid=0bf203df-b92d-4b12-ae50-b85edcc3f035&avt=eyJ2IjoyLCJtIjoxLCJwIjowLCJzIjowLCJuIjowfQ&p=2&sd=2022-07-23T19%3A00%3A00,4.1,0.5,"Such a wonderful outing, our server was delightful and thoughtful. You canât go wrong going to Vin Room, and if it is for a special occasion, theyâll be sure to make you feel like a VIP. ð","Tapas,Small,Plates,Calgary","['https://s1.qwant.com/thumbr/208x208/9/4/54291df79aec30eaf01181511340f2ea6f6a069c3b1453553a2985ebfeb685/th.jpg?u=https%3A%2F%2Ftse1.mm.bing.net%2Fth%3Fid%3DOIP.aVtrCLARw56E3yHnlnAJBgAAAA%26pid%3DApi&q=0&b=1&p=0&a=0', 'https://s1.qwant.com/thumbr/474x474/3/1/472ca6457401b7464f02c38dc53f25794d15a06421a8efe4ec7bcf970886dc/th.jpg?u=https%3A%2F%2Ftse3.mm.bing.net%2Fth%3Fid%3DOIP.7lZMy7lDYZ0i1fSWlLMPywHaHa%26pid%3DApi&q=0&b=1&p=0&a=0', 'https://s1.qwant.com/thumbr/474x355/3/d/d9dd54f569ae760e6e9d948a1337886094461553810ab568ffc28f447e0d7f/th.jpg?u=https%3A%2F%2Ftse4.mm.bing.net%2Fth%3Fid%3DOIP.hTpZIWCCDPu3N_ZR4X-edQHaFj%26pid%3DApi&q=0&b=1&p=0&a=0']",51.03192995,-114.0712029
 1886 Buffalo Cafe,"255 Barclay Parade SW, Calgary, AB T2P 5C2",(403) 452-0153,https://www.opentable.ca/r/1886-buffalo-cafe-calgary?corrid=0bf203df-b92d-4b12-ae50-b85edcc3f035&avt=eyJ2IjoyLCJtIjoxLCJwIjowLCJzIjowLCJuIjowfQ&p=2&sd=2022-07-23T19%3A00%3A00,4.1,0.5,Enjoyed brunch.  Potatoes are a little salty but everything else was very good!!,"Comfort,Food,Calgary","['https://s1.qwant.com/thumbr/474x317/a/d/fd2f419b313644e546b1c0c38f310f80a4e0782fcc22357728651ec5b21912/th.jpg?u=https%3A%2F%2Ftse3.mm.bing.net%2Fth%3Fid%3DOIP.fK6rOite7BHJPXypAEy3XQHaE9%26pid%3DApi&q=0&b=1&p=0&a=0', 'https://s1.qwant.com/thumbr/474x316/1/b/129bad0117582be80fde8c1e10f6fef31c0f542b17dfbf3237672a8ff1256a/th.jpg?u=https%3A%2F%2Ftse4.mm.bing.net%2Fth%3Fid%3DOIP.LzqU_god9dnzau6fS_KQHwHaE8%26pid%3DApi&q=0&b=1&p=0&a=0', 'https://s2.qwant.com/thumbr/474x355/c/6/0bec6562a1ffff2c93cad3d48d006f7ebd78ec3412a5524449353304552ae2/th.jpg?u=https%3A%2F%2Ftse3.mm.bing.net%2Fth%3Fid%3DOIP.8CGDkpJYjcQe4LL6UmzhQQHaFj%26pid%3DApi&q=0&b=1&p=0&a=0']",51.0519854,-114.0704332
 Whiskey Rose Saloon,"1012 17 Ave SW, Calgary, AB T2T 0A5",(403) 474-7673,https://www.opentable.ca/r/whiskey-rose-saloon-calgary?corrid=0bf203df-b92d-4b12-ae50-b85edcc3f035&avt=eyJ2IjoyLCJtIjoxLCJwIjowLCJzIjowLCJuIjowfQ&p=2&sd=2022-07-23T19%3A00%3A00,1.5,0.5,"High energy level place with great people , polite and respectful 
Thanks to the management team","American,Beltline","['https://s2.qwant.com/thumbr/474x535/c/0/123d762dfaf3ed6622dc52be51d56ff8426cf24ca750854bde9304ddd39175/th.jpg?u=https%3A%2F%2Ftse4.mm.bing.net%2Fth%3Fid%3DOIP.FacHX_a6DMdlYmKiTvXnmgHaIX%26pid%3DApi&q=0&b=1&p=0&a=0', 'https://s1.qwant.com/thumbr/474x242/1/f/55c0617d2af792080bcdc23c5601a70dc493656e7bc9dd2d629aa1824e754d/th.jpg?u=https%3A%2F%2Ftse1.mm.bing.net%2Fth%3Fid%3DOIP.hpQy-Uk7IGxa8bfAN9zGugHaDy%26pid%3DApi&q=0&b=1&p=0&a=0', 'https://s2.qwant.com/thumbr/474x304/d/e/82b82817f09b9cc67ac9f696f8f25ba06242330c0376c04955ed725fbd755b/th.jpg?u=https%3A%2F%2Ftse1.mm.bing.net%2Fth%3Fid%3DOIP.7bh_Dw06nDLQLWXkYNWISwHaEw%26pid%3DApi&q=0&b=1&p=0&a=0']",51.03802645,-114.0849697
 MODERN OCEAN - Kensington,"107 10A St NW, Calgary, AB T2N 4T3",(403) 670-6873,https://www.opentable.ca/r/modern-ocean-kensington-calgary?corrid=0bf203df-b92d-4b12-ae50-b85edcc3f035&avt=eyJ2IjoyLCJtIjoxLCJwIjowLCJzIjowLCJuIjowfQ&p=2&sd=2022-07-23T19%3A00%3A00,4,0.5,"We were very well taken care of by Ryan. Food was fresh and delicious and the wine selected to pair was perfection. Thank you Ryan and John for a great night out, we canât wait to come back!","Seafood,Kensington","['https://s1.qwant.com/thumbr/474x474/0/4/a6d94ad2ee59c51791026837951ffae72d7af302944807423d967fbbe807d6/th.jpg?u=https%3A%2F%2Ftse2.mm.bing.net%2Fth%3Fid%3DOIP.F6nTX-LZYN5E2-A7KRG7TAHaHa%26pid%3DApi&q=0&b=1&p=0&a=0', 'https://s2.qwant.com/thumbr/474x471/e/0/b30f16cc427e147f087cdcdad6ff86b0e6dd07a3935cdf12059d5daf1e414d/th.jpg?u=https%3A%2F%2Ftse4.mm.bing.net%2Fth%3Fid%3DOIP.DxS4VvQ8vqEeh6oODi57oQHaHX%26pid%3DApi&q=0&b=1&p=0&a=0', 'https://s2.qwant.com/thumbr/474x474/c/3/2967cf6ae217d958b14536b109f4a555d36a780c242a7b4d33306c73757f80/th.jpg?u=https%3A%2F%2Ftse1.mm.bing.net%2Fth%3Fid%3DOIP.Gw8z7MmvNG6rWKqigiqVLQHaHa%26pid%3DApi&q=0&b=1&p=0&a=0']",51.0522746,-114.0874353
 Honey Bar,"1324 17 Ave SW, Calgary, AB T2T 0C3",(587) 560-2008,https://www.opentable.ca/r/honey-bar-calgary?corrid=0bf203df-b92d-4b12-ae50-b85edcc3f035&avt=eyJ2IjoyLCJtIjoxLCJwIjowLCJzIjowLCJuIjowfQ&p=2&sd=2022-07-23T19%3A00%3A00,1,0.5,"Great place. Sat outside was quiet. 
Server was great. Went for my birthday. Was lovely and would go back","Bar,Lounge,Bottle,Service,Beltline","['https://s2.qwant.com/thumbr/474x315/4/7/62f472f64e29e543fa35f7f22646d81e1d14b024250e6b5ac88955873b90ec/th.jpg?u=https%3A%2F%2Ftse1.mm.bing.net%2Fth%3Fid%3DOIP.1foA_qP7bXl-lymKeHqRVAHaE7%26pid%3DApi&q=0&b=1&p=0&a=0', 'https://s2.qwant.com/thumbr/474x316/5/b/79023a3a81897a12630bb3e46d3d33331c39f24d697305061e5a4809de560a/th.jpg?u=https%3A%2F%2Ftse4.mm.bing.net%2Fth%3Fid%3DOIP.BkbNrqdXBnKcLZh_N8c1SQHaE8%26pid%3DApi&q=0&b=1&p=0&a=0', 'https://s2.qwant.com/thumbr/474x474/5/f/9139737a08d1d8e58d4ab05d823a1c34df85b4fdc880aac8f818aa14db6221/th.jpg?u=https%3A%2F%2Ftse2.mm.bing.net%2Fth%3Fid%3DOIP.V0A_o8rYE6F_fg7Jaj6yNgHaHa%26pid%3DApi&q=0&b=1&p=0&a=0']",51.0381218,-114.0928997
 Alforno,"222 7 St SW, Calgary, AB T2P 0E4",(403) 454-0308,https://www.opentable.ca/r/alforno-calgary?corrid=0bf203df-b92d-4b12-ae50-b85edcc3f035&avt=eyJ2IjoyLCJtIjoxLCJwIjowLCJzIjowLCJuIjowfQ&p=2&sd=2022-07-23T19%3A00%3A00,4,0.5,"Great pasta, salad combos generous to share for 2 with room for a 2 bite tart!!","Contemporary,Canadian,Downtown","['https://s2.qwant.com/thumbr/474x474/5/9/8b1babb0864a0a9b93a6700d1c0138dedd13289491e704ce800e56d566346f/th.jpg?u=https%3A%2F%2Ftse1.mm.bing.net%2Fth%3Fid%3DOIP.L07Ojey5lH_fdk03Qdw-8wHaHa%26pid%3DApi&q=0&b=1&p=0&a=0', 'https://s2.qwant.com/thumbr/474x316/c/6/87b5883b78677a98e361d0b0ec5677ebd8b338e08ad5985fc0860f30f309bf/th.jpg?u=https%3A%2F%2Ftse1.mm.bing.net%2Fth%3Fid%3DOIP.YKZ9pP0lTr2sznzlZkCCDwHaE8%26pid%3DApi&q=0&b=1&p=0&a=0', 'https://s1.qwant.com/thumbr/474x316/0/5/35924547e0048edc9eb92de1dd26843cdff523178cbccddfb245f73562c9e0/th.jpg?u=https%3A%2F%2Ftse1.mm.bing.net%2Fth%3Fid%3DOIP.UFoAWxTiDADbt-oxoQmqogHaE8%26pid%3DApi&q=0&b=1&p=0&a=0']",51.0512021,-114.0784493
 The Potion Room,"1211 9 Ave SE, Calgary, AB T2G 0S9",(403) 999-8386,https://www.opentable.ca/r/the-potion-room-calgary?corrid=0bf203df-b92d-4b12-ae50-b85edcc3f035&avt=eyJ2IjoyLCJtIjoxLCJwIjowLCJzIjowLCJuIjowfQ&p=2&sd=2022-07-23T19%3A00%3A00,2.5,0.5,"I cannot believe they have that many margarita Flavors. You cant decide which one to try 
They all sounded so yummy and at $6 for a 1.5 ounce drink itâs a STEAL. I ended up trying 3-4 of them. Not a typical Wednesday night for me thatâs for sure lol 
My favorite was the strawberry rhubarb","Fusion,Eclectic,Inglewood","['https://s1.qwant.com/thumbr/474x245/3/9/ab791dda56875f16cac0c1de1dd7b0acc9e42ff5aad509c1b3b2a22909b48b/th.jpg?u=https%3A%2F%2Ftse2.mm.bing.net%2Fth%3Fid%3DOIP.oD_UZZfgVjlKQOdcLuSbUwEsCb%26pid%3DApi&q=0&b=1&p=0&a=0', 'https://s2.qwant.com/thumbr/300x300/f/8/b4fde6f43dcc2e66065e31f51c611bcd0750f204ad5acd02fdee7ff2bf2e29/th.jpg?u=https%3A%2F%2Ftse3.mm.bing.net%2Fth%3Fid%3DOIP.uiJAOHueApea81Sso9gPPgAAAA%26pid%3DApi&q=0&b=1&p=0&a=0', 'https://s1.qwant.com/thumbr/474x334/a/b/b89304499e86bc9f0a48aa812a73819fb810a5149ba552594ee7522f6c4341/th.jpg?u=https%3A%2F%2Ftse1.mm.bing.net%2Fth%3Fid%3DOIP.e3uqIBuL86js8du8XlMR8AEsDT%26pid%3DApi&q=0&b=1&p=0&a=0']",51.0428482,-114.0394711
 OXBOW,"1126 Memorial Dr NW, Calgary, AB T2N 3E3",(403) 670-7387,https://www.opentable.ca/r/oxbow-calgary?corrid=0bf203df-b92d-4b12-ae50-b85edcc3f035&avt=eyJ2IjoyLCJtIjoxLCJwIjowLCJzIjowLCJuIjowfQ&p=2&sd=2022-07-23T19%3A00%3A00,4.9,0.5,The pork chop and accompaniments were excellent. Great service for us and our little dog on the patio. The free champagne for our sons' birthday was a nice touch.,"Canadian,Kensington","['https://s1.qwant.com/thumbr/474x316/8/e/a1afd67a186275202d10e26c2e12729629468245a787b601df4a10ad6bd5af/th.jpg?u=https%3A%2F%2Ftse4.mm.bing.net%2Fth%3Fid%3DOIP.teDxTfG5wd-5bfE_w-1uBAHaE8%26pid%3DApi&q=0&b=1&p=0&a=0', 'https://s1.qwant.com/thumbr/474x314/0/d/f22fe9c32089810182ff2585d7347828db30d6b77e9780da6785663e3094fc/th.jpg?u=https%3A%2F%2Ftse4.mm.bing.net%2Fth%3Fid%3DOIP.39YPkp2wvvNZ1vws7hAvfQHaE6%26pid%3DApi&q=0&b=1&p=0&a=0', 'https://s2.qwant.com/thumbr/474x316/f/7/54bc2d0a0afe7e2fc7af9d4e1509b01910e297508f58f5f3ac6a383da413c0/th.jpg?u=https%3A%2F%2Ftse4.mm.bing.net%2Fth%3Fid%3DOIP.rAYP2eIGPyz3cSJrQb8SsAHaE8%26pid%3DApi&q=0&b=1&p=0&a=0']",51.0519494,-114.0859672
 The Keg Steakhouse + Bar - Macleod Trail,"7104 Macleod Trail, Calgary, AB T2H 0L3",(403) 253-2534,https://www.opentable.ca/the-keg-steakhouse-and-bar-macleod-trail?corrid=0bf203df-b92d-4b12-ae50-b85edcc3f035&avt=eyJ2IjoyLCJtIjoxLCJwIjowLCJzIjowLCJuIjowfQ&p=2&sd=2022-07-23T19%3A00%3A00,4.1,0.75,Love the keg. Havenât had a bad experience. Our waitress was awesome from giving us suggestions to making sure everything came out right.,"Steakhouse,Calgary","['https://s2.qwant.com/thumbr/474x474/d/c/95a3b237c29305bb82daf68429c6d856ddd570896cb8d2dd51cd9aa5541071/th.jpg?u=https%3A%2F%2Ftse1.mm.bing.net%2Fth%3Fid%3DOIP.NUwEPVkYtdZDW3SosKWd5wHaHa%26pid%3DApi&q=0&b=1&p=0&a=0', 'https://s2.qwant.com/thumbr/474x474/e/e/6754f258ab412194bd216b531aa4d4af385a4a18fef1277db0831f5b2126f0/th.jpg?u=https%3A%2F%2Ftse2.mm.bing.net%2Fth%3Fid%3DOIP.mQ9_5OFl3mN-mrXHTJ9eTgHaHa%26pid%3DApi&q=0&b=1&p=0&a=0', 'https://s2.qwant.com/thumbr/474x355/e/6/8d689051e7c6811d4dcf9549ef121044e7cdfc8c2ff9725168faeb002b6cab/th.jpg?u=https%3A%2F%2Ftse3.mm.bing.net%2Fth%3Fid%3DOIP.MGsvnN3xqTIDOKWPXyKeBAHaFj%26pid%3DApi&q=0&b=1&p=0&a=0']",50.9394901,-114.0692595
 Surfy Surfy - Chinook Centre,"6455 Macleod Trail SW, Calgary, AB T2H 0K8",,https://www.opentable.ca/r/surfy-surfy-chinook-centre-calgary?corrid=0bf203df-b92d-4b12-ae50-b85edcc3f035&avt=eyJ2IjoyLCJtIjoxLCJwIjowLCJzIjowLCJuIjowfQ&p=2&sd=2022-07-23T19%3A00%3A00,4.5,0.5,Great place for the book club to gather. Tacos were delish!,"Californian,Calgary","['', '', '']",50.9974983,-114.0736864
 Moti Mahal Restaurant - 17th Ave,"1805 14 St SW, Calgary, AB T2T 3T1",(403) 228-9990,https://www.opentable.ca/moti-mahal-restaurant-17th-ave?corrid=0bf203df-b92d-4b12-ae50-b85edcc3f035&avt=eyJ2IjoyLCJtIjoxLCJwIjowLCJzIjowLCJuIjowfQ&p=2&sd=2022-07-23T19%3A00%3A00,4,0.5,Alway a great dinner out. We really enjoyed the vegetable pakora and lamb masala.,"Indian,Calgary","['https://s1.qwant.com/thumbr/474x474/0/2/57dcc36169b56d63807d192e1afd8bed71586c2998e4de660aebf7a7163b1f/th.jpg?u=https%3A%2F%2Ftse2.mm.bing.net%2Fth%3Fid%3DOIP.FZ7n9aA7rXcJog_XujMvWQHaHa%26pid%3DApi&q=0&b=1&p=0&a=0', 'https://s1.qwant.com/thumbr/474x474/2/c/dfb210531991608f38a7cf16fd344f78c0f20cf80ac7b3cd591bc57292e948/th.jpg?u=https%3A%2F%2Ftse4.mm.bing.net%2Fth%3Fid%3DOIP.BJbpK-Tb0n0k13OxH2ssZQHaHa%26pid%3DApi&q=0&b=1&p=0&a=0', 'https://s1.qwant.com/thumbr/474x474/1/f/395d86027271f1a03cd96d0029828266f48f663bd0f651f884f0ee89dab63d/th.jpg?u=https%3A%2F%2Ftse1.mm.bing.net%2Fth%3Fid%3DOIP.eTnkLAqD-5VTRx1Wmp2coAHaHa%26pid%3DApi&q=0&b=1&p=0&a=0']",50.9968299,-114.0955046
 Inner City Brewing â Taproom & Kitchen,"820 11 Ave SW, Calgary, AB T2R 0E5",(587) 880-8600,https://www.opentable.ca/r/inner-city-brewing-taproom-kitchen-calgary?corrid=0bf203df-b92d-4b12-ae50-b85edcc3f035&avt=eyJ2IjoyLCJtIjoxLCJwIjowLCJzIjowLCJuIjowfQ&p=2&sd=2022-07-23T19%3A00%3A00,4.6,0.5,Thank you Doug! Youâre always so awesome and accommodating! :) I canât wait to come back for that cider :)!!!,"Brewery,Calgary","['https://s1.qwant.com/thumbr/474x312/a/1/09cf5739df0be552084c03a78fce7e0f0ef03bd195ad5ece724457c1047a3b/th.jpg?u=https%3A%2F%2Ftse4.mm.bing.net%2Fth%3Fid%3DOIP.OmMqBKdn5m2rhVeCMsseKAHaE4%26pid%3DApi&q=0&b=1&p=0&a=0', 'https://s2.qwant.com/thumbr/300x300/4/8/460f42fc5711dd92f08d677cbd7a954c154256f8b4b384c39d0ba3ddfb1bf7/th.jpg?u=https%3A%2F%2Ftse3.mm.bing.net%2Fth%3Fid%3DOIP.AteLMh4hOlxJQD_Iaw0h6wAAAA%26pid%3DApi&q=0&b=1&p=0&a=0', 'https://s1.qwant.com/thumbr/474x316/b/5/036df0e3e3c563f6f5ac3e74e1697d1884ce43377d76340056f2c4c2c8d028/th.jpg?u=https%3A%2F%2Ftse2.mm.bing.net%2Fth%3Fid%3DOIP.1ATSp2ifRm_mCSexHITjgwHaE8%26pid%3DApi&q=0&b=1&p=0&a=0']",51.0429949,-114.0849996
 La Brezza Ristorante,"990 1 Ave NE, Calgary, AB T2E 8J3",(403) 262-6230,https://www.opentable.ca/la-brezza-ristorante?corrid=0bf203df-b92d-4b12-ae50-b85edcc3f035&avt=eyJ2IjoyLCJtIjoxLCJwIjowLCJzIjowLCJuIjowfQ&p=2&sd=2022-07-23T19%3A00%3A00,4,0.5,"Fantastic server, very personable and accommodating. Pasta a bit pricey but tasty","Italian,Downtown","['https://s2.qwant.com/thumbr/474x355/f/a/d3f770f028996c9d88068ea0baff5163c42bfdda1b85ee8b929d08ac73d4c1/th.jpg?u=https%3A%2F%2Ftse3.mm.bing.net%2Fth%3Fid%3DOIP.YMql9Q6ZLImtHG_7_LuwqAHaFj%26pid%3DApi&q=0&b=1&p=0&a=0', 'https://s1.qwant.com/thumbr/474x314/2/d/de2e39b97772a6b7d1aba592ee9c10d7c89add67102839dbb5c097cce6cb06/th.jpg?u=https%3A%2F%2Ftse4.mm.bing.net%2Fth%3Fid%3DOIP.S7IqzBRJRn6xAAofWfBvfgHaE6%26pid%3DApi&q=0&b=1&p=0&a=0', 'https://s1.qwant.com/thumbr/474x355/9/b/ed22750b319bf271173ced7949e526253d494784b39703fdd33b6553d442f1/th.jpg?u=https%3A%2F%2Ftse1.mm.bing.net%2Fth%3Fid%3DOIP.KNX3XJGS_ymnHZv-O592qgHaFj%26pid%3DApi&q=0&b=1&p=0&a=0']",51.0533965,-114.0406466
 SS106 Aperitivo Bar,"824D Edmonton Trail, Calgary, AB T2E 3J6",(403) 219-0949,https://www.opentable.ca/r/ss106-aperitivo-bar-calgary?corrid=0bf203df-b92d-4b12-ae50-b85edcc3f035&avt=eyJ2IjoyLCJtIjoxLCJwIjowLCJzIjowLCJuIjowfQ&p=2&sd=2022-07-23T19%3A00%3A00,4.5,0.5,"Quiet Monday dinner. Excellent pasta. Tasty gnocchi. Delicious traditional tiramisu. 

Our server was very pleasant and managed to serve the whole restaurant on her own.","Italian,Calgary","['https://s2.qwant.com/thumbr/474x263/5/1/124fdd2e0c63f4614830ee2f4e5bdbb9e258936736ced973be5b9720bb1093/th.jpg?u=https%3A%2F%2Ftse1.mm.bing.net%2Fth%3Fid%3DOIP.2tTXgX6phDA64fTKgUyB_gHaEH%26pid%3DApi&q=0&b=1&p=0&a=0', 'https://s1.qwant.com/thumbr/450x450/a/3/f817096bfcf7720cd96337aa4949642b988656a994ebde6a7b5eb47019b4f5/th.jpg?u=https%3A%2F%2Ftse2.mm.bing.net%2Fth%3Fid%3DOIP.jyn_k0w74g6_6lyisYrDuAAAAA%26pid%3DApi&q=0&b=1&p=0&a=0', 'https://s1.qwant.com/thumbr/360x450/3/e/da7d2458b54fe11490d2dfe9cd123c7a8439aa26a82fe85fa8cfb2c5933eed/th.jpg?u=https%3A%2F%2Ftse4.mm.bing.net%2Fth%3Fid%3DOIP.lgtZhaUZVVJ8qyKNBl54GQAAAA%26pid%3DApi&q=0&b=1&p=0&a=0']",53.45795115,-113.4940659
 1918 Tap and Table,"1918 Kensington Rd NW, Calgary, AB T2N 3R5",(403) 209-1918,https://www.opentable.ca/r/1918-tap-and-table-calgary?corrid=0bf203df-b92d-4b12-ae50-b85edcc3f035&avt=eyJ2IjoyLCJtIjoxLCJwIjowLCJzIjowLCJuIjowfQ&p=2&sd=2022-07-23T19%3A00%3A00,4,0.5,1918 tap and table is a great casual place for a nice meal. Great food at really reasonable prices.,"Contemporary,Canadian,Kensington","['https://s2.qwant.com/thumbr/474x316/4/4/5bab5a7bc002390386e2ab0fa7df6424492fa9b0e9021061ed4a87f8d1f877/th.jpg?u=https%3A%2F%2Ftse2.mm.bing.net%2Fth%3Fid%3DOIP.pQT9_F2n5A8felQRi_rLMQHaE8%26pid%3DApi&q=0&b=1&p=0&a=0', 'https://s1.qwant.com/thumbr/474x316/b/c/242716e8b7fbda97599e9e9e2fc9c5e4f1ffcbdfda439a26851887a05a50da/th.jpg?u=https%3A%2F%2Ftse1.mm.bing.net%2Fth%3Fid%3DOIP.qIaZ7SdwmyBO5QO-tLAWNwHaE8%26pid%3DApi&q=0&b=1&p=0&a=0', 'https://s2.qwant.com/thumbr/474x316/d/9/ddef3553a04b9526a38b96588684f7dbdbbfbeaf7ebe20ff6315cb71bb753d/th.jpg?u=https%3A%2F%2Ftse4.mm.bing.net%2Fth%3Fid%3DOIP.jVKeS7hsSiUyvsHRm_aCXAHaE8%26pid%3DApi&q=0&b=1&p=0&a=0']",51.0525098,-114.0980738
 The Keg Steakhouse + Bar - Market Mall,"Market Mall, 3625 Shaganappi Trail NW, Calgary, AB T3A 0E2",(587) 355-0300,https://www.opentable.ca/r/the-keg-steakhouse-and-bar-market-mall-calgary?corrid=0bf203df-b92d-4b12-ae50-b85edcc3f035&avt=eyJ2IjoyLCJtIjoxLCJwIjowLCJzIjowLCJuIjowfQ&p=2&sd=2022-07-23T19%3A00%3A00,4.4,0.75,Another great meal!  We made a reservation last minute as family came to town for a visit & one person required gluten free. Dani was an amazing server as always - thanks for a lovely evening!,"Steakhouse,Calgary","['https://s1.qwant.com/thumbr/474x355/2/3/b07451ad6f73ff4b6a0fd58747bf678c3a5c3197881421ad268ea2458ca7c1/th.jpg?u=https%3A%2F%2Ftse4.mm.bing.net%2Fth%3Fid%3DOIP.pxPRKXk9ne-uznqLiDAnRAHaFj%26pid%3DApi&q=0&b=1&p=0&a=0', 'https://s1.qwant.com/thumbr/450x450/3/0/feb856661e62fe8cdfacb1cb51f5395efbbf219efab63648ad41c33d0d2089/th.jpg?u=https%3A%2F%2Ftse3.explicit.bing.net%2Fth%3Fid%3DOIP.SY98I6QUVgA5DbSIFigwMAAAAA%26pid%3DApi&q=0&b=1&p=0&a=0', 'https://s2.qwant.com/thumbr/338x450/f/6/f9fe15cc9d173991f5cba1394ba88e1176cdb703910d15705153eb563b860e/th.jpg?u=https%3A%2F%2Ftse2.mm.bing.net%2Fth%3Fid%3DOIP.JYWi_ImKDTN2LflQEiST9gAAAA%26pid%3DApi&q=0&b=1&p=0&a=0']",51.08468645,-114.1553522
 Bolero,"6920 Macleod Trail S, Calgary, AB T2H 0L3",(403) 259-3119,https://www.opentable.ca/bolero?corrid=0bf203df-b92d-4b12-ae50-b85edcc3f035&avt=eyJ2IjoyLCJtIjoxLCJwIjowLCJzIjowLCJuIjowfQ&p=2&sd=2022-07-23T19%3A00%3A00,4.4,0.75,Amazing food and service! Will come back next time we're in town!,"Brazilian,Calgary","['https://s1.qwant.com/thumbr/338x450/3/0/5eb96e7fd35bd2900b156880ed7d3540ccb27a260476d9ce7a8fee0290e411/th.jpg?u=https%3A%2F%2Ftse3.mm.bing.net%2Fth%3Fid%3DOIP.wFZ1U5LhSveoyqA9sEUavwAAAA%26pid%3DApi&q=0&b=1&p=0&a=0', 'https://s2.qwant.com/thumbr/474x302/e/a/46b916a2e70f12eb3d688ebc80def9c71245cde7eeeccc603c6b1b8f92ae25/th.jpg?u=https%3A%2F%2Ftse2.mm.bing.net%2Fth%3Fid%3DOIP.eOxnDcx2dvifM5HfHVWYoAHaEu%26pid%3DApi&q=0&b=1&p=0&a=0', 'https://s1.qwant.com/thumbr/474x474/1/4/fa75f68edf3fcdf97468812af95f7b780c4267b7d5b5fced14732a2f4879a4/th.jpg?u=https%3A%2F%2Ftse1.mm.bing.net%2Fth%3Fid%3DOIP.LEfjOSj4LOUPqDOly21yywHaHa%26pid%3DApi&q=0&b=1&p=0&a=0']",50.9832926,-114.0722333
 Cibo Centre St,"2220 Centre St N, Calgary, AB T2E 2T5",(403) 276-2030,https://www.opentable.ca/r/cibo-centre-st-calgary?corrid=0bf203df-b92d-4b12-ae50-b85edcc3f035&avt=eyJ2IjoyLCJtIjoxLCJwIjowLCJzIjowLCJuIjowfQ&p=2&sd=2022-07-23T19%3A00%3A00,3.7,0.75,"I has a pepperoni pizza with cooked tomatoes and fresh cooked peppers.  VERY tasty.  My husband had the veal parmigiana which was equally tasty.
Thank you to the chef and waitress for a great experience.  Leona","Italian,Calgary","['https://s1.qwant.com/thumbr/474x474/1/6/50096d83a0fc8a3c095d9fe098598ca599d1b04bfef758a71a794e02f2e26e/th.jpg?u=https%3A%2F%2Ftse3.mm.bing.net%2Fth%3Fid%3DOIP.2ikLWBdvccb7vFyg4NhcBQHaHa%26pid%3DApi&q=0&b=1&p=0&a=0', 'https://s1.qwant.com/thumbr/474x346/3/4/30e4281d0a245791aa10390cbc63f3e8ea94e813ab622ffd28b3fde04219a7/th.jpg?u=https%3A%2F%2Ftse4.mm.bing.net%2Fth%3Fid%3DOIP.7uBmihqZ5q3bLmTkCPyhlwHaFa%26pid%3DApi&q=0&b=1&p=0&a=0', 'https://s2.qwant.com/thumbr/474x554/4/6/3e6091ca67d4f9d4264020a60f761bc2876c2122c935e7826df2c547dbdb29/th.jpg?u=https%3A%2F%2Ftse4.explicit.bing.net%2Fth%3Fid%3DOIP.pqwxd8wTysVVlbstol88XgHaIq%26pid%3DApi&q=0&b=1&p=0&a=0']",51.0668575,-114.0625095
 Bazille â Nordstrom Chinook Centre,"6455 Macleod Trail SW, Calgary, AB T2H 0K8",(587) 291-2010,https://www.opentable.ca/bazille-nordstrom-chinook-centre?corrid=0bf203df-b92d-4b12-ae50-b85edcc3f035&avt=eyJ2IjoyLCJtIjoxLCJwIjowLCJzIjowLCJuIjowfQ&p=2&sd=2022-07-23T19%3A00%3A00,4,0.5,"Great food, great service","Contemporary,American,Calgary","['https://s2.qwant.com/thumbr/474x474/6/f/d688c227cdb9374d21976ad20566f68043c683158995a563d04c1e2272a9c5/th.jpg?u=https%3A%2F%2Ftse1.mm.bing.net%2Fth%3Fid%3DOIP.RYN7FWg593tRplF7we3yMwHaHa%26pid%3DApi&q=0&b=1&p=0&a=0', 'https://s1.qwant.com/thumbr/474x474/1/7/4b67860f20b4798f3a5c8bf7348b0b2bdbcc9659221847747fccb27b3b0137/th.jpg?u=https%3A%2F%2Ftse4.mm.bing.net%2Fth%3Fid%3DOIP.2QpMCb95trGZNUQ8_tvilwHaHa%26pid%3DApi&q=0&b=1&p=0&a=0', 'https://s2.qwant.com/thumbr/474x632/d/4/28304557bb458c8b01086c6e1e1a08d0b35321e33504bd9e85838fb2fabb00/th.jpg?u=https%3A%2F%2Ftse2.mm.bing.net%2Fth%3Fid%3DOIP.4bDCJp3ohn8S2FkeTthXoAHaJ4%26pid%3DApi&q=0&b=1&p=0&a=0']",50.9974983,-114.0736864
 Fionn MacCool's - Calgary Beltline,"1249 11 Ave SW, Calgary, AB T3C 0M4",(587) 774-4411,https://www.opentable.ca/r/fionn-maccools-calgary-beltline-calgary?corrid=0bf203df-b92d-4b12-ae50-b85edcc3f035&avt=eyJ2IjoyLCJtIjoxLCJwIjowLCJzIjowLCJuIjowfQ&p=2&sd=2022-07-23T19%3A00%3A00,3.5,0.5,We joined Fionnâs for their St.Patrickâs Day celebration!  The atmosphere was alive and the staff were friendly and responsive.  The fish and chips were on point!   Looking forward to going again soon!,"Irish,Calgary","['https://s2.qwant.com/thumbr/474x355/6/9/a2cccd37648dd268096421f242a9a4efd9c07c8469f2ddaced236d6815538b/th.jpg?u=https%3A%2F%2Ftse3.mm.bing.net%2Fth%3Fid%3DOIP.S6sk5OrCFFy0VoOfIZqnUQHaFj%26pid%3DApi&q=0&b=1&p=0&a=0', 'https://s1.qwant.com/thumbr/474x316/b/2/31c834e8774aedcfee54073d070f0860906e48d6ffe1fa37f6ac763f83c3e4/th.jpg?u=https%3A%2F%2Ftse3.mm.bing.net%2Fth%3Fid%3DOIP.h3IT6f2ymYcR9qulFE6O8QHaE8%26pid%3DApi&q=0&b=1&p=0&a=0', 'https://s2.qwant.com/thumbr/474x316/d/e/b6a0927d21b2312224500ed6ab9ebdb35681dee87bd05e180f60804c9b514b/th.jpg?u=https%3A%2F%2Ftse1.mm.bing.net%2Fth%3Fid%3DOIP.bE1z1soPH90KpDcRCmMxzAHaE8%26pid%3DApi&q=0&b=1&p=0&a=0']",51.0429805,-114.0911056
 Milestones Grill + Bar - Calgary - Market Mall,"3625 Shaganappi Trail NW, Calgary, AB T3A 0E2",(403) 247-3792,https://www.opentable.ca/r/milestones-grill-and-bar-calgary-market-mall-calgary?corrid=5099b57a-ad63-4d68-a558-83d2738b30e5&avt=eyJ2IjoyLCJtIjoxLCJwIjowLCJzIjowLCJuIjowfQ&p=2&sd=2022-07-23T19%3A00%3A00,3,0.5,Hi everything was good thanks Renee the bartender was nice and polite and rest of the staff too,"Global,International,Calgary","['https://s1.qwant.com/thumbr/474x474/2/3/37ece1acaad3a94f20af8e894240b23e377cb40ae553bd3171730742bce9c7/th.jpg?u=https%3A%2F%2Ftse2.mm.bing.net%2Fth%3Fid%3DOIP.mQYrTZ4wIaujQjGW5M3R7QHaHa%26pid%3DApi&q=0&b=1&p=0&a=0', 'https://s2.qwant.com/thumbr/474x474/e/6/b0ad9a8c066e0d314ee1781b3d0542ab4847871a1bcf7a48e487f3817b2f15/th.jpg?u=https%3A%2F%2Ftse4.mm.bing.net%2Fth%3Fid%3DOIP.NSp5u6FnRMLG0abqa7srbgHaHa%26pid%3DApi&q=0&b=1&p=0&a=0', 'https://s2.qwant.com/thumbr/474x379/5/3/00bef38c6ed901a00fd3d51d33fffd9ae88ae2efeae811dd297295d51170d9/th.jpg?u=https%3A%2F%2Ftse2.mm.bing.net%2Fth%3Fid%3DOIP.LKy8RYlgiKb2lWSjvZjSEQHaF7%26pid%3DApi&q=0&b=1&p=0&a=0']",51.08468645,-114.1553522
 Chop Steakhouse & Bar - Barlow,"33 Hopewell Way NE, Calgary, AB T3J 4V7",(403) 736-3333,https://www.opentable.ca/chop-steakhouse-and-bar-barlow?corrid=5099b57a-ad63-4d68-a558-83d2738b30e5&avt=eyJ2IjoyLCJtIjoxLCJwIjowLCJzIjowLCJuIjowfQ&p=2&sd=2022-07-23T19%3A00%3A00,4.5,0.75,Great time! Thanks for a delicious meal. Would recommend the prime rib!,"Steakhouse,Calgary","['https://s1.qwant.com/thumbr/474x226/3/0/8004d72a5d7118b6c9b94e8385d7c62f63453cb356bd91bcf90bb5f0dcc456/th.jpg?u=https%3A%2F%2Ftse4.mm.bing.net%2Fth%3Fid%3DOIP.yqgMsA8q7fyVwfXjbbRBdAHaDi%26pid%3DApi&q=0&b=1&p=0&a=0', 'https://s1.qwant.com/thumbr/474x355/b/e/803c3d7d592557d9bf6664a6ee21e6342fd901cfd0fefbe585ed84dd7c4004/th.jpg?u=https%3A%2F%2Ftse4.mm.bing.net%2Fth%3Fid%3DOIP.krv9A7HybY70zLKWoVXyDQHaFj%26pid%3DApi&q=0&b=1&p=0&a=0', 'https://s2.qwant.com/thumbr/474x266/5/e/dc072f31d4c48b2d7d43d21c0306c3b589af48ff7775c20cd0bac2ba30b4e1/th.jpg?u=https%3A%2F%2Ftse1.mm.bing.net%2Fth%3Fid%3DOIP.LqVhdIZWGCiCR6RbGVWD7wHaEK%26pid%3DApi&q=0&b=1&p=0&a=0']",51.0951313,-113.9985312
 LeVilla Restaurant,"404-1851 Sirocco Dr SW, Calgary, AB T3H 2Y3",(403) 217-9699,https://www.opentable.ca/levilla-restaurant?corrid=5099b57a-ad63-4d68-a558-83d2738b30e5&avt=eyJ2IjoyLCJtIjoxLCJwIjowLCJzIjowLCJuIjowfQ&p=2&sd=2022-07-23T19%3A00%3A00,4.5,0.75,Excellent service and delicious food at reasonable prices.,"Steakhouse,Aspen,Strathcona,West,Springs","['https://s1.qwant.com/thumbr/474x354/2/d/d2aa08f81f0a83b145567bc1e6e3b68f8ac5466e26621190e1ecb7c33fcdeb/th.jpg?u=https%3A%2F%2Ftse2.mm.bing.net%2Fth%3Fid%3DOIP.huVPjIYEMWk8x-1Rj6dxCwHaFi%26pid%3DApi&q=0&b=1&p=0&a=0', 'https://s1.qwant.com/thumbr/208x208/2/8/eb4c32193fbb1511416e0210ebfdbb323a3c092b74fe3b4c13182da4e00ece/th.jpg?u=https%3A%2F%2Ftse3.mm.bing.net%2Fth%3Fid%3DOIP.cf4dUgyLVWTMULi1QjhurQAAAA%26pid%3DApi&q=0&b=1&p=0&a=0', 'https://s1.qwant.com/thumbr/320x320/8/4/0f71b5fef7a371f995b5bbec08a414d52a169fc3a2b53248b0541c0177bc0a/th.jpg?u=https%3A%2F%2Ftse2.mm.bing.net%2Fth%3Fid%3DOIP.r_RlGMSKrd2VM3Vz-ks3YgAAAA%26pid%3DApi&q=0&b=1&p=0&a=0']",51.0371598,-114.1674724
 The Canadian Brewhouse - University District,"3953 University Ave NW, Calgary, AB T3B 6K3",(587) 943-4470,https://www.opentable.ca/r/the-canadian-brewhouse-university-district-calgary?corrid=5099b57a-ad63-4d68-a558-83d2738b30e5&avt=eyJ2IjoyLCJtIjoxLCJwIjowLCJzIjowLCJuIjowfQ&p=2&sd=2022-07-23T19%3A00%3A00,3.5,0.5,Beautiful outdoor patio overlooking the university district and downtown Calgary. Service is friendly and courteous. Food choices are good for pub atmosphere and reasonable choices for beers on tap.,"Sports,Bar,Calgary","['https://s1.qwant.com/thumbr/474x355/1/2/9a83616d404e1bdaa1f841957d73d4121bbcaba83abd872c25c9e464f99403/th.jpg?u=https%3A%2F%2Ftse4.mm.bing.net%2Fth%3Fid%3DOIP.P_niyDQwenmcDjwYCcbwPQHaFj%26pid%3DApi&q=0&b=1&p=0&a=0', 'https://s1.qwant.com/thumbr/474x354/a/9/b203f5da7137309383b14ce5b9e0dcf680cd2cdf7ab9076b1ae7852ae94331/th.jpg?u=https%3A%2F%2Ftse2.mm.bing.net%2Fth%3Fid%3DOIP.FObLAQU1kcJLEjZtpbrRNAHaFi%26pid%3DApi&q=0&b=1&p=0&a=0', 'https://s2.qwant.com/thumbr/474x316/5/1/8fb7180944f5d18a35f429488d8e81659271a1e6422d045de73039154a4e04/th.jpg?u=https%3A%2F%2Ftse3.mm.bing.net%2Fth%3Fid%3DOIP.Sew8HE28bOOAefYJTsQ6ZgHaE8%26pid%3DApi&q=0&b=1&p=0&a=0']",51.0781929,-114.144527
 Original Joe's - Marda Loop,"2047 34 Ave SW, Calgary, AB T2T 2C4",(403) 242-4040,https://www.opentable.ca/r/original-joes-marda-loop-calgary?corrid=5099b57a-ad63-4d68-a558-83d2738b30e5&avt=eyJ2IjoyLCJtIjoxLCJwIjowLCJzIjowLCJuIjowfQ&p=2&sd=2022-07-23T19%3A00%3A00,3.8,0.5,Excellent food as always. Service was friendly and quick too!,"Burgers,Mission","['https://s2.qwant.com/thumbr/474x474/4/a/ff542e56ef0afb4bda5baa70a4926630c80f2292218bae7d1cdfbb707d4267/th.jpg?u=https%3A%2F%2Ftse3.mm.bing.net%2Fth%3Fid%3DOIP.zWWbupI1Qw18XLYOo9tn5gHaHa%26pid%3DApi&q=0&b=1&p=0&a=0', 'https://s2.qwant.com/thumbr/474x474/e/7/ab3302fc384d3b1d37d21e4363731b870b4284d31313c58fe6c5992f35c7a3/th.jpg?u=https%3A%2F%2Ftse3.mm.bing.net%2Fth%3Fid%3DOIP.1dNvM_ymLnT473xzKabIyQHaHa%26pid%3DApi&q=0&b=1&p=0&a=0', 'https://s2.qwant.com/thumbr/474x474/d/7/2bece66e74db4d86cc14d293536898ea1d3698970654da134084dae8659d8d/th.jpg?u=https%3A%2F%2Ftse4.explicit.bing.net%2Fth%3Fid%3DOIP.pxkCTNYnQeUctEPKfGFXbQHaHa%26pid%3DApi&q=0&b=1&p=0&a=0']",51.02299125,-114.1090372
 Moxies - Barlow,"29 Hopewell Way NE, Calgary, AB T3J 4V7",(403) 291-4636,https://www.opentable.ca/r/moxies-barlow-calgary?corrid=5099b57a-ad63-4d68-a558-83d2738b30e5&avt=eyJ2IjoyLCJtIjoxLCJwIjowLCJzIjowLCJuIjowfQ&p=2&sd=2022-07-23T19%3A00%3A00,2,0.5,"This was a last-minute decision to eat here. Checked out OpenTable and Moxies was available. The atmosphere was great, food was delicious, and our server was perfect. Everything was good, and we will definitely be back!","Contemporary,American,Calgary","['https://s1.qwant.com/thumbr/474x248/9/f/46509ce89b3f3168e2200cdc32f15dcf5e43d2caa4fd6942f88fcb4d5ea4f3/th.jpg?u=https%3A%2F%2Ftse1.mm.bing.net%2Fth%3Fid%3DOIP.d8FGdE4aR2Kp0h7IeSgQNgHaD4%26pid%3DApi&q=0&b=1&p=0&a=0', 'https://s1.qwant.com/thumbr/474x172/b/9/f552ecf393abe583247477245f9f502eeb063ea0127f909634ab6ae5c51eb2/th.jpg?u=https%3A%2F%2Ftse3.mm.bing.net%2Fth%3Fid%3DOIP.9CiQ7zwwU-6BH_74ssx-FwHaCs%26pid%3DApi&q=0&b=1&p=0&a=0', 'https://s1.qwant.com/thumbr/474x172/2/8/cc56e6d45a9ce5d066cc9951b358cb233abee3a4b45efa39579ebf1eb24153/th.jpg?u=https%3A%2F%2Ftse3.mm.bing.net%2Fth%3Fid%3DOIP.Uk7XeBg6W--YgmtAjDlhVQHaCs%26pid%3DApi&q=0&b=1&p=0&a=0']",51.0951313,-113.9985312
 Pasquales on MacLeod,"6806 Macleod Trail, Calgary, AB T2H 0L3",(403) 252-0553,https://www.opentable.ca/pasquales-on-macleod?corrid=5099b57a-ad63-4d68-a558-83d2738b30e5&avt=eyJ2IjoyLCJtIjoxLCJwIjowLCJzIjowLCJuIjowfQ&p=2&sd=2022-07-23T19%3A00%3A00,3.3,0.5,"When I mark the lowest bar for noise level, I mean it is a quiet restaurant. This is a place that you can enjoy conversation at your table. Of course the food is excellent, always.","Italian,Calgary","['https://s2.qwant.com/thumbr/474x338/7/6/fbfaeb05e8885e2646c9d3951c69b331d6052a850fb5b81e6d271f3dee7b03/th.jpg?u=https%3A%2F%2Ftse1.mm.bing.net%2Fth%3Fid%3DOIP.g8DFjl3-j5mXge8bmEXlvgHaFS%26pid%3DApi&q=0&b=1&p=0&a=0', 'https://s1.qwant.com/thumbr/474x474/1/6/c3178fd50324e850312157179b1a2f07411b783cd9004cb7829252425ec9b3/th.jpg?u=https%3A%2F%2Ftse3.mm.bing.net%2Fth%3Fid%3DOIP.6Ritt9ZbC7GhofsJwmLEIAHaHa%26pid%3DApi&q=0&b=1&p=0&a=0', 'https://s2.qwant.com/thumbr/474x474/d/1/4c462123a2330bb0fdccd2e15c7345f3c54142188f9b527f2c3519d67c9087/th.jpg?u=https%3A%2F%2Ftse1.mm.bing.net%2Fth%3Fid%3DOIP.4aGznRtKFu0CWNxkJMbWdgHaHa%26pid%3DApi&q=0&b=1&p=0&a=0']",50.9928768,-114.0708216
 The Canadian Brewhouse - Northgate,"425 36 St NE, Calgary, AB T2A 6K3",(403) 351-0513,https://www.opentable.ca/r/the-canadian-brewhouse-northgate-calgary?corrid=5099b57a-ad63-4d68-a558-83d2738b30e5&avt=eyJ2IjoyLCJtIjoxLCJwIjowLCJzIjowLCJuIjowfQ&p=2&sd=2022-07-23T19%3A00%3A00,4.2,0.5,"Amazing service, food, atmosphere . Love this place. Thank you so much for accommodating our hockey team . We all had a blast .","Sports,Bar,Calgary","['https://s2.qwant.com/thumbr/474x315/4/3/74e18c921900fd88608a2be6f2c4650d33000d0e8ad3d1ac8a020dc074edf6/th.jpg?u=https%3A%2F%2Ftse2.mm.bing.net%2Fth%3Fid%3DOIP.N4PjjD4Kg25lkv2Mx0J_ygHaE7%26pid%3DApi&q=0&b=1&p=0&a=0', 'https://s2.qwant.com/thumbr/474x266/5/f/63eeaa92f9832ea2181a6deb41df7680a84d001e17eaeb921cef135c830a96/th.jpg?u=https%3A%2F%2Ftse4.mm.bing.net%2Fth%3Fid%3DOIP.UW3w82FhNcSuqyYrVPO5uwHaEK%26pid%3DApi&q=0&b=1&p=0&a=0', 'https://s1.qwant.com/thumbr/474x256/2/8/9f328f7c14cc458293ee994c7c35a2b2466c70dc8f55330dd03f730875c687/th.jpg?u=https%3A%2F%2Ftse1.mm.bing.net%2Fth%3Fid%3DOIP.QFXVEZgtpi2JA13NZzD_xgHaEA%26pid%3DApi&q=0&b=1&p=0&a=0']",51.05503,-113.9826244
 Tomahawk Kitchen & Barnew,"9823 Macleod Trail SW, Calgary, AB T2J 0P6",(403) 475-4295,https://www.opentable.ca/r/tomahawk-kitchen-and-bar-calgary?corrid=5099b57a-ad63-4d68-a558-83d2738b30e5&avt=eyJ2IjoyLCJtIjoxLCJwIjowLCJzIjowLCJuIjowfQ&p=2&sd=2022-07-23T19%3A00%3A00,3.8,0.75,Tried the 25% off chef favorites - lobster ravioli .. nicely done and well presented,"Steakhouse,Willow,Park","['https://s2.qwant.com/thumbr/474x474/5/4/4201d6995bee2362749548da57b65f6e019a7a44fc98adc3dc31f705a41c48/th.jpg?u=https%3A%2F%2Ftse4.mm.bing.net%2Fth%3Fid%3DOIP.IGeK92MOV8oHYt4svGZ8yQHaHa%26pid%3DApi&q=0&b=1&p=0&a=0', 'https://s1.qwant.com/thumbr/474x474/b/b/65d65281b17dffafd54ac6045197d09c4e9f43991273fefd9bb9ca80363cdb/th.jpg?u=https%3A%2F%2Ftse2.mm.bing.net%2Fth%3Fid%3DOIP.vT_dbyVE5EyoiHHCDV050AHaHa%26pid%3DApi&q=0&b=1&p=0&a=0', 'https://s1.qwant.com/thumbr/474x316/2/7/4545bebcbb8447191e4676c41929440bc68fbbe4d1a99aa972370d8e85d419/th.jpg?u=https%3A%2F%2Ftse1.mm.bing.net%2Fth%3Fid%3DOIP.1er9SjSFhjH4r9KIX80sZwHaE8%26pid%3DApi&q=0&b=1&p=0&a=0']",50.9862542,-114.071261
 Original Joe's - Calgary - Macleod,"7403 Macleod Trail SW, Calgary, AB T2H 0L8",(403) 454-1801,https://www.opentable.ca/r/original-joes-calgary-macleod-calgary?corrid=5099b57a-ad63-4d68-a558-83d2738b30e5&avt=eyJ2IjoyLCJtIjoxLCJwIjowLCJzIjowLCJuIjowfQ&p=2&sd=2022-07-23T19%3A00%3A00,3,0.5,Food was ok.  Not bad but I feel it isn't as good as it once was.  Covid changed things.,"Burgers,Calgary","['https://s2.qwant.com/thumbr/474x315/5/0/d9076ff7e69d0525e90bca4fcf379bb655dfd984708b2826f3f6654a4d1771/th.jpg?u=https%3A%2F%2Ftse3.mm.bing.net%2Fth%3Fid%3DOIP.EQa7VoTBpQNKLFszkLOtpgHaE7%26pid%3DApi&q=0&b=1&p=0&a=0', 'https://s1.qwant.com/thumbr/474x248/8/8/895ca19d8236de49ccdeefe5c3b34ad486d870d1fef021908d59b800d849d2/th.jpg?u=https%3A%2F%2Ftse3.mm.bing.net%2Fth%3Fid%3DOIP.0qmXE-K6dULPw4gQ5py89wHaD4%26pid%3DApi&q=0&b=1&p=0&a=0', 'https://s2.qwant.com/thumbr/474x474/4/2/d11c4273cc71b638e01a581b552ee1d99a673e61ed5eb445476258d14ee0a3/th.jpg?u=https%3A%2F%2Ftse1.mm.bing.net%2Fth%3Fid%3DOIP.y5545tRR7HN95gkeoOx5zAHaHa%26pid%3DApi&q=0&b=1&p=0&a=0']",50.9855702,-114.0712342
 Cineplex Cinema University District & VIP,"3953 University Ave NW #250, Calgary, AB T3B 6K3",(587) 315-6410,https://www.opentable.ca/r/cineplex-cinema-university-district-and-vip-calgary?corrid=5099b57a-ad63-4d68-a558-83d2738b30e5&avt=eyJ2IjoyLCJtIjoxLCJwIjowLCJzIjowLCJuIjowfQ&p=2&sd=2022-07-23T19%3A00%3A00,4.7,0.75,Waitresses still learning but helpful and food was ordinary but good.  Entertainment nice but a little loud     I didnât pay the bill so canât comment on the cost.,"American,Calgary","['https://s1.qwant.com/thumbr/474x314/0/7/5d48527a78933e2374e3f566cc26c6c39e136fd8472615e602890c579e3f16/th.jpg?u=https%3A%2F%2Ftse4.mm.bing.net%2Fth%3Fid%3DOIP.QBGvzbtipBEJ6Ff45dhsVgHaE6%26pid%3DApi&q=0&b=1&p=0&a=0', 'https://s2.qwant.com/thumbr/474x316/4/a/6f3c306dff13ef3e7c5446b04f9c674aea8860065943d5fd3febcfb1cc3bd7/th.jpg?u=https%3A%2F%2Ftse1.mm.bing.net%2Fth%3Fid%3DOIP.fOvewyRb0aBlUqUPep6S7QHaE8%26pid%3DApi&q=0&b=1&p=0&a=0', 'https://s2.qwant.com/thumbr/474x414/d/a/569c5bcc49da44fe58c79edb8407a6ffb6175b41706b770fb65d873ad70ee3/th.jpg?u=https%3A%2F%2Ftse4.mm.bing.net%2Fth%3Fid%3DOIP.tRq3VGQOHsez3DdWQvhZggHaGe%26pid%3DApi&q=0&b=1&p=0&a=0']",51.0781929,-114.144527
 The Keg Steakhouse + Bar - Crowfoot,"130 Crowfoot Terrace NW, Calgary, AB T3G 4J8",(403) 208-0220,https://www.opentable.ca/r/the-keg-steakhouse-and-bar-crowfoot-calgary?corrid=5099b57a-ad63-4d68-a558-83d2738b30e5&avt=eyJ2IjoyLCJtIjoxLCJwIjowLCJzIjowLCJuIjowfQ&p=2&sd=2022-07-23T19%3A00%3A00,4,0.75,"Our waiter (Daniel) was very helpful, friendly and kind. We had early reservations so noise level was low and we were in a booth. Weâll be back.","Steakhouse,Calgary","['https://s2.qwant.com/thumbr/474x474/5/5/bb23453edc6153d12ad3e71a5cfd330ffbdbd7dce875f9719f768069072c17/th.jpg?u=https%3A%2F%2Ftse1.mm.bing.net%2Fth%3Fid%3DOIP.MGcvXPCjzN47XaNYIws8wQHaHa%26pid%3DApi&q=0&b=1&p=0&a=0', 'https://s2.qwant.com/thumbr/474x474/e/b/d80b25cadc312663cb3bf2f58c54b1d8e8dca69dd702003180f55a6d28177f/th.jpg?u=https%3A%2F%2Ftse4.mm.bing.net%2Fth%3Fid%3DOIP.CtJzWCYOVVHg31F_q9XZiwHaHa%26pid%3DApi&q=0&b=1&p=0&a=0', 'https://s2.qwant.com/thumbr/474x315/7/0/5fcf0ce5136c95b03bb30c8257535dd826a0e41b125f63befd267f9d45de1f/th.jpg?u=https%3A%2F%2Ftse2.mm.bing.net%2Fth%3Fid%3DOIP.gtmCGI2gKnki3yxGvqdo9gHaE7%26pid%3DApi&q=0&b=1&p=0&a=0']",51.12808115,-114.2034795
 MODERN STEAK - Southport Rd,"10606 Southport Rd SW, Calgary, AB T2W 3M5",(403) 300-1424,https://www.opentable.ca/r/modern-steak-southport-rd-calgary?corrid=5099b57a-ad63-4d68-a558-83d2738b30e5&avt=eyJ2IjoyLCJtIjoxLCJwIjowLCJzIjowLCJuIjowfQ&p=2&sd=2022-07-23T19%3A00%3A00,5,0.75,"Our first time there, food was delicious, it was my wifeâs birthday meal, they gave us a complimentary dessert.

Will go back for those special occasions!","Steakhouse,Willow,Park","['https://s1.qwant.com/thumbr/474x244/a/a/00a2225b52b36de52207bc3daa41d1ab6f544e7ff5a7e5a73cc001830ec8a6/th.jpg?u=https%3A%2F%2Ftse4.mm.bing.net%2Fth%3Fid%3DOIP.OxLmduNGbyNabhRs1V-JTAHaD0%26pid%3DApi&q=0&b=1&p=0&a=0', 'https://s2.qwant.com/thumbr/400x105/e/b/da798855355163efc1997087afd130470fb8dbdc29438c1c8543b79077dadf/th.jpg?u=https%3A%2F%2Ftse4.mm.bing.net%2Fth%3Fid%3DOIP.PGfV4J6Slc6U1MguDMDgdAAAAA%26pid%3DApi&q=0&b=1&p=0&a=0', '']",50.95821735,-114.0723112
 UNA Pizza + Wine - West Springs,"8529 Broadcast Ave SW, Calgary, AB T3H 4C7",(403) 453-1183,https://www.opentable.ca/r/una-pizza-and-wine-west-springs-calgary?corrid=5099b57a-ad63-4d68-a558-83d2738b30e5&avt=eyJ2IjoyLCJtIjoxLCJwIjowLCJzIjowLCJuIjowfQ&p=2&sd=2022-07-23T19%3A00%3A00,5,0.5,I love the food  here it never disappoints. The roasted cauliflower in brown butter tossed with a fresh herb creme fraiche is worth the trip! Servers are attentive without being intrusive.,"Pizzeria,Aspen,Strathcona,West,Springs","['https://s1.qwant.com/thumbr/474x711/2/2/9df46d75c5e5c2592987a0c96bebfbeccb4f5a88dc7579097533fdf19c1e08/th.jpg?u=https%3A%2F%2Ftse1.mm.bing.net%2Fth%3Fid%3DOIP.JQq_3EaO9dTEqjwuMs-GRwHaLH%26pid%3DApi&q=0&b=1&p=0&a=0', 'https://s2.qwant.com/thumbr/474x711/e/8/5d941f34641081cecea886c7e96ed4943a5757de7a454e63826eaceb5817f7/th.jpg?u=https%3A%2F%2Ftse2.mm.bing.net%2Fth%3Fid%3DOIP.Mg4_8AvCVVKzHMuotwh1DwHaLH%26pid%3DApi&q=0&b=1&p=0&a=0', 'https://s1.qwant.com/thumbr/474x711/9/e/47f9a9d27ee7ec31339d9398fb0dcb979fec8b8f0826625aca06a3399f83c3/th.jpg?u=https%3A%2F%2Ftse2.explicit.bing.net%2Fth%3Fid%3DOIP.PswNLCl8cQVocs7Tb25UNgHaLH%26pid%3DApi&q=0&b=1&p=0&a=0']",51.0647039,-114.2104267
 Milestones Grill + Bar - Calgary - Southcentre Mall,"90 Anderson Rd SE, Calgary, AB T2J 0A2",(403) 225-1150,https://www.opentable.ca/r/milestones-grill-and-bar-calgary-southcentre-mall-calgary?corrid=21edc283-fc00-4e6d-aabb-3872eaf46929&avt=eyJ2IjoyLCJtIjoxLCJwIjowLCJzIjowLCJuIjowfQ&p=2&sd=2022-07-23T19%3A00%3A00,3,0.5,"Very tasty food, great Caesars, pasta was very good lots of garlic which we love and the seabass was cooked perfectly!","Global,International,Calgary","['https://s1.qwant.com/thumbr/474x474/2/4/7b44b3b22d8e1a5eeb1e49526109c0e305b82dd62939ed3165f2e28af561e1/th.jpg?u=https%3A%2F%2Ftse3.mm.bing.net%2Fth%3Fid%3DOIP.sQHkklgxI09v84ocMynvxwHaHa%26pid%3DApi&q=0&b=1&p=0&a=0', 'https://s1.qwant.com/thumbr/474x474/2/2/d3bd05859dc52ee424691c4ea3055f4031d62bb6484549ab5689d988a28b0d/th.jpg?u=https%3A%2F%2Ftse2.mm.bing.net%2Fth%3Fid%3DOIP.Di49nVET62Nejoj2ODohUwHaHa%26pid%3DApi&q=0&b=1&p=0&a=0', 'https://s2.qwant.com/thumbr/474x474/5/5/3b06084bcd1a412d56f7a63acc96eb3fd9a7e07197ae22f17f94cd20de44be/th.jpg?u=https%3A%2F%2Ftse4.mm.bing.net%2Fth%3Fid%3DOIP.xvfGbsFHTmGuG2Hl9wiuFgHaHa%26pid%3DApi&q=0&b=1&p=0&a=0']",50.9524649,-114.0693056
 MODERN OCEAN - Southport Rd,"10606 Southport Rd SW, Calgary, AB T2W 3M5",(403) 300-1424,https://www.opentable.ca/r/modern-ocean-southport-rd-calgary?corrid=21edc283-fc00-4e6d-aabb-3872eaf46929&avt=eyJ2IjoyLCJtIjoxLCJwIjowLCJzIjowLCJuIjowfQ&p=2&sd=2022-07-23T19%3A00%3A00,4,0.75,They really have solved the puzzle for good quality food and service on the south end of the city - the new East patio is great,"Seafood,Willow,Park","['https://s1.qwant.com/thumbr/474x474/8/6/4edd51a687c3d2a65dc3308a257587f34debe4f4ee84d4ef88abe22f30137a/th.jpg?u=https%3A%2F%2Ftse4.mm.bing.net%2Fth%3Fid%3DOIP.o9DK8qnm0ZxifStvSvo_xgHaHa%26pid%3DApi&q=0&b=1&p=0&a=0', 'https://s2.qwant.com/thumbr/474x474/5/e/5b7548a5a55a9388d8859122f0a003b2a9adf18c999122256982955e477c7a/th.jpg?u=https%3A%2F%2Ftse4.mm.bing.net%2Fth%3Fid%3DOIP.GmwImJqpVTABFJgnGJakSAHaHa%26pid%3DApi&q=0&b=1&p=0&a=0', 'https://s1.qwant.com/thumbr/474x244/a/a/00a2225b52b36de52207bc3daa41d1ab6f544e7ff5a7e5a73cc001830ec8a6/th.jpg?u=https%3A%2F%2Ftse4.mm.bing.net%2Fth%3Fid%3DOIP.OxLmduNGbyNabhRs1V-JTAHaD0%26pid%3DApi&q=0&b=1&p=0&a=0']",50.95821735,-114.0723112
 The Canadian Brewhouse - Harvest Hills,"9650 Harvest Hills Blvd N, Calgary, AB T3K 0B3",(403) 452-5636,https://www.opentable.ca/r/the-canadian-brewhouse-harvest-hills-calgary?corrid=21edc283-fc00-4e6d-aabb-3872eaf46929&avt=eyJ2IjoyLCJtIjoxLCJwIjowLCJzIjowLCJuIjowfQ&p=2&sd=2022-07-23T19%3A00%3A00,4.3,0.5,They are very accommodating and never had issues at this location,"Sports,Bar,Calgary","['https://s2.qwant.com/thumbr/474x355/f/0/15a7211722c4b9020179d5467aeb7dd11f5bf7c7e9baa5326e9b3e84f6ed25/th.jpg?u=https%3A%2F%2Ftse2.mm.bing.net%2Fth%3Fid%3DOIP.RDYOlsjwAdMcy4r48hzv3wHaFj%26pid%3DApi&q=0&b=1&p=0&a=0', 'https://s1.qwant.com/thumbr/474x316/1/7/9509d6afbea372bba69b7a6b8545bcfe72a41faf932efb846f7385c47156b8/th.jpg?u=https%3A%2F%2Ftse4.mm.bing.net%2Fth%3Fid%3DOIP.PUbxNNTVnWsabSIZYW2T2AHaE8%26pid%3DApi&q=0&b=1&p=0&a=0', 'https://s2.qwant.com/thumbr/348x348/5/c/12e69114cf5488a9c16fa109ab07897436045c78194a6a476c8b9973dcb7b4/th.jpg?u=https%3A%2F%2Ftse2.mm.bing.net%2Fth%3Fid%3DOIP.DWZNDqUoCjH1Al7Z_QagdgAAAA%26pid%3DApi&q=0&b=1&p=0&a=0']",51.1406324,-114.0686256
 YAKIMA Social Kitchen + Bar,"2008 Airport Rd NE, Calgary, AB T2E 3B9",(587) 232-0538,https://www.opentable.ca/r/yakima-social-kitchen-and-bar-calgary?corrid=21edc283-fc00-4e6d-aabb-3872eaf46929&avt=eyJ2IjoyLCJtIjoxLCJwIjowLCJzIjowLCJuIjowfQ&p=2&sd=2022-07-23T19%3A00%3A00,4.4,0.75,"It was a very quiet late Monday morning when we had our brunch. Unfortunately, the all-day menu was not available so we were limited mostly to egg-y choices. 

That said, both plates were generous and well-presented. The avocado-mozzarella-egg combo was especially tasty. The fruit bowl was ample with no cheap contents. Berries and melons!  Very fresh.

Service was friendly and enthusiastic if a little less than professional. So many newbies waiting tables today. But our server was sweet and eager to please.","Canadian,Calgary","['https://s2.qwant.com/thumbr/474x474/4/4/ec80e1a4d2f3ff4a2f70a07f709763c12cbf0f1d96b94b9f0ade6d5ffa7bbd/th.jpg?u=https%3A%2F%2Ftse2.mm.bing.net%2Fth%3Fid%3DOIP.I4AsEuzR4lzenFFVrRlvPgHaHa%26pid%3DApi&q=0&b=1&p=0&a=0', 'https://s1.qwant.com/thumbr/474x355/a/b/0e990d19529fda06aedbb7834114f6d774980c373148d54c9a06406c2572c7/th.jpg?u=https%3A%2F%2Ftse4.mm.bing.net%2Fth%3Fid%3DOIP.HP27XV7XmwnEYT2Zc6GXmwHaFj%26pid%3DApi&q=0&b=1&p=0&a=0', 'https://s2.qwant.com/thumbr/474x355/d/7/d2f9002f82d1adb2b7284a6707c359a454d748dd9393e4abb4afe094b23019/th.jpg?u=https%3A%2F%2Ftse1.mm.bing.net%2Fth%3Fid%3DOIP.mgz71WEBPECs7-zf01aIngHaFj%26pid%3DApi&q=0&b=1&p=0&a=0']",51.1303726,-114.0075303
 Calavera Cantina,"4307 130 Ave SE #180, Calgary, AB T2Z 3V8",(403) 719-8226,https://www.opentable.ca/r/calavera-cantina-calgary?corrid=21edc283-fc00-4e6d-aabb-3872eaf46929&avt=eyJ2IjoyLCJtIjoxLCJwIjowLCJzIjowLCJuIjowfQ&p=2&sd=2022-07-23T19%3A00%3A00,3.4,0.5,"Love it here, especially tacos on Tuesday. Friendly servers, great vibe.","Latin,American,Calgary","['https://s2.qwant.com/thumbr/474x316/d/8/fbbe4704a492c62682e22a2deb40c0584973038ac565d37942c8ef5b65a03d/th.jpg?u=https%3A%2F%2Ftse3.mm.bing.net%2Fth%3Fid%3DOIP.9_-yHmSj0vB4OOCWURH1-gHaE8%26pid%3DApi&q=0&b=1&p=0&a=0', 'https://s1.qwant.com/thumbr/474x500/0/e/49fd3c66c72d29377d8c3f85b82e1a1bed6dd1ca5714491473a31e0abebc3d/th.jpg?u=https%3A%2F%2Ftse4.mm.bing.net%2Fth%3Fid%3DOIP.k76rXndyFYT2dhxksq_YJQHaH0%26pid%3DApi&q=0&b=1&p=0&a=0', 'https://s2.qwant.com/thumbr/474x244/e/a/fd982670ffc172b00d80c80b85bf46836288bcf7c7edc7e47f1f08da6330f3/th.jpg?u=https%3A%2F%2Ftse2.mm.bing.net%2Fth%3Fid%3DOIP.lgeg8QIvUkI2_3jU0ky40QHaD0%26pid%3DApi&q=0&b=1&p=0&a=0']",50.93136925,-113.9688996
 Cineplex Cinemas Seton & VIP,"19683 Seton Crescent SE, Calgary, AB T3M 2N9",(587) 318-3370,https://www.opentable.ca/r/cineplex-cinemas-seton-and-vip-calgary?corrid=21edc283-fc00-4e6d-aabb-3872eaf46929&avt=eyJ2IjoyLCJtIjoxLCJwIjowLCJzIjowLCJuIjowfQ&p=2&sd=2022-07-23T19%3A00%3A00,4.3,0.75,Great atmosphere and very good service. Good was good as well and was quick. It is a little on the expensive side but overall it was a nice experience.,"American,Calgary","['https://s1.qwant.com/thumbr/474x278/a/8/def1fe081bd518bc6b0a64baa0569752e3840672d1f15f10a98afbe8f45db7/th.jpg?u=https%3A%2F%2Ftse2.mm.bing.net%2Fth%3Fid%3DOIP.pXNz2pIXAkO4tYPLPde5fAHaEW%26pid%3DApi&q=0&b=1&p=0&a=0', 'https://s2.qwant.com/thumbr/474x266/4/f/a18a21f9d9ead1243fba8fa9dae71f5922a47e2db61068c415fb247c289436/th.jpg?u=https%3A%2F%2Ftse4.mm.bing.net%2Fth%3Fid%3DOIP.pOuH3h-RtWYUg2Qr5q0UOgHaEK%26pid%3DApi&q=0&b=1&p=0&a=0', 'https://s2.qwant.com/thumbr/474x316/c/2/fa4f1a27c45a2257061fe8a85495dbe38b97da3deee375261b20f57d852586/th.jpg?u=https%3A%2F%2Ftse3.mm.bing.net%2Fth%3Fid%3DOIP.iBIuQlQLlOrreiZF-OaskgHaE8%26pid%3DApi&q=0&b=1&p=0&a=0']",50.87583255,-113.9610278
 Southland Yard,"135 Southland Dr SE, Calgary, AB T2J 5X5",(403) 225-8636,https://www.opentable.ca/r/southland-yard-calgary?corrid=1c5ccf99-ff7c-42fc-868f-e2552c2a6fcb&avt=eyJ2IjoyLCJtIjoxLCJwIjowLCJzIjowLCJuIjowfQ&p=2&sd=2022-07-23T19%3A00%3A00,4.4,0.5,We were five guests for supper. The food and the service were both outstanding.,"Comfort,Food,Calgary","['https://s2.qwant.com/thumbr/474x474/d/7/167ff99ed95e863daa980f9653a4ab466ae5f98132e8754b495d8d4aefce5f/th.jpg?u=https%3A%2F%2Ftse1.mm.bing.net%2Fth%3Fid%3DOIP.QORofEadpseyC8BaI0wMvwHaHa%26pid%3DApi&q=0&b=1&p=0&a=0', 'https://s2.qwant.com/thumbr/474x592/4/0/202a4253324f88fa9448aa34132dc925f68b0c718679d9e6024d2622e3f2cd/th.jpg?u=https%3A%2F%2Ftse4.mm.bing.net%2Fth%3Fid%3DOIP.aVHO_WVuXnQkE1bxgnkhMwHaJQ%26pid%3DApi&q=0&b=1&p=0&a=0', 'https://s1.qwant.com/thumbr/474x266/b/c/cf2222a5d8add74bba1857d0e239e558f981447f2559a30a6ac57ff109fe7e/th.jpg?u=https%3A%2F%2Ftse3.mm.bing.net%2Fth%3Fid%3DOIP.huHbthW1N9E7kzQFMSDCAQHaEK%26pid%3DApi&q=0&b=1&p=0&a=0']",50.964428,-114.0691553
 Hungers Stop,"3102 Glenmore Ct SE, Calgary, AB T2C 2E6",(403) 475-1030,https://www.opentable.ca/r/hungers-stop-calgary-2?corrid=1c5ccf99-ff7c-42fc-868f-e2552c2a6fcb&avt=eyJ2IjoyLCJtIjoxLCJwIjowLCJzIjowLCJuIjowfQ&p=2&sd=2022-07-23T19%3A00%3A00,4.7,0.5,Went when they first opened. Great food and very friendly service,"Comfort,Food,Glenmore,Court","['https://s1.qwant.com/thumbr/474x244/9/5/2988f4ddc7af041805c8d8b9f1fb5e52eb8036808642ab166dbcf1d3445247/th.jpg?u=https%3A%2F%2Ftse4.mm.bing.net%2Fth%3Fid%3DOIP.LhQvw9xH4V3GMlOOATP_-QHaD0%26pid%3DApi&q=0&b=1&p=0&a=0', 'https://s2.qwant.com/thumbr/474x349/6/0/27e583da4b044124dadff11ae4d340b76d38ee31a12fb0f9a9d435ef169c3f/th.jpg?u=https%3A%2F%2Ftse3.mm.bing.net%2Fth%3Fid%3DOIP.EHHzp_NWNGGKrpz1G0QjWQHaFd%26pid%3DApi&q=0&b=1&p=0&a=0', 'https://s1.qwant.com/thumbr/474x474/1/a/e42d36d27a0649baf64502c8c654299c7e3b1aec4bf1976dc3066414bf35ab/th.jpg?u=https%3A%2F%2Ftse2.mm.bing.net%2Fth%3Fid%3DOIP.iaDTAVny6AYHndn_GNNfTQHaHa%26pid%3DApi&q=0&b=1&p=0&a=0']",50.9813071,-113.9968848
 Murrieta's Calgary,"808 1 St SW #200, Calgary, AB T2P 1M9",(403) 269-7707,https://www.opentable.ca/r/murrietas-calgary?corrid=1c5ccf99-ff7c-42fc-868f-e2552c2a6fcb&avt=eyJ2IjoyLCJtIjoxLCJwIjowLCJzIjowLCJuIjowfQ&p=2&sd=2022-07-23T19%3A00%3A00,4.2,0.75,"Birthday dinner with family. We had the most incredible service throughout our dining experience. Rarely do you get this attentive and friendly service in any restaurant but we sure were treated well this evening. Food was very good and everyone seemed to enjoy their meal tremendously. 
Thank you","American,Calgary","['https://s2.qwant.com/thumbr/474x632/c/b/50cf4fcc3791b04bfbe283bae0b14490bde9f1eda73989462e0d1a4afd9cbf/th.jpg?u=https%3A%2F%2Ftse3.mm.bing.net%2Fth%3Fid%3DOIP.41mzID2OYBluKkcX1iwaIAHaJ4%26pid%3DApi&q=0&b=1&p=0&a=0', 'https://s1.qwant.com/thumbr/474x355/9/4/cf7bab637136d5df575debdf344329fc35c024925dea2bcf018bec0a3dd8b5/th.jpg?u=https%3A%2F%2Ftse4.mm.bing.net%2Fth%3Fid%3DOIP.a_wi1g-km_xNB_pzmYKVaQHaFj%26pid%3DApi&q=0&b=1&p=0&a=0', 'https://s1.qwant.com/thumbr/474x331/2/4/2164455956f9894d3f11cc732c5d34a6d5a48813c23b54282bb6c500b9876b/th.jpg?u=https%3A%2F%2Ftse1.mm.bing.net%2Fth%3Fid%3DOIP.4tk8QReuHTJ1OrPtebUrXQHaFL%26pid%3DApi&q=0&b=1&p=0&a=0']",51.045216,-114.065354
 Calcutta Cricket Clubnew,"340 17 Ave SW, Calgary, AB T2S 0A8",(403) 719-1555,https://www.opentable.ca/r/calcutta-cricket-club-calgary?corrid=1c5ccf99-ff7c-42fc-868f-e2552c2a6fcb&avt=eyJ2IjoyLCJtIjoxLCJwIjowLCJzIjowLCJuIjowfQ&p=2&sd=2022-07-23T19%3A00%3A00,5,0.75,The food was amazing and reasonably priced. Second time that the service was wonderful.,"Indian,Beltline","['https://s2.qwant.com/thumbr/474x263/6/5/686ab0e9f33c5a4b4446fd5c1514e12be1447dd9e667ab6e18940f1ae569d6/th.jpg?u=https%3A%2F%2Ftse2.mm.bing.net%2Fth%3Fid%3DOIP.Xz9TPKohbLBW2Du3r7FrEAHaEH%26pid%3DApi&q=0&b=1&p=0&a=0', 'https://s1.qwant.com/thumbr/180x120/9/3/de25efe631d306ef3f97c6112f81f6bad84fd13c2e03d3cf1517dd449b62d3/th.jpg?u=https%3A%2F%2Ftse4.mm.bing.net%2Fth%3Fid%3DOIP.2XptTwsuIXJQBjIIiK8ctwAAAA%26pid%3DApi&q=0&b=1&p=0&a=0', 'https://s1.qwant.com/thumbr/474x355/1/8/238506b08e26d8170610a1c080b1e9bea5788a3d9ac1d3682f3028c829d700/th.jpg?u=https%3A%2F%2Ftse4.mm.bing.net%2Fth%3Fid%3DOIP.cOAQNRs4ulyV1ynWiNTSqAHaFj%26pid%3DApi&q=0&b=1&p=0&a=0']",51.0381352,-114.0709281
 Earls Kitchen + Bar - Willow Park - Calgary,"10640 Macleod Trail SE, Calgary, AB T2J 0P8",(403) 278-7860,https://www.opentable.ca/r/earls-kitchen-and-bar-willow-park-calgary?corrid=1c5ccf99-ff7c-42fc-868f-e2552c2a6fcb&avt=eyJ2IjoyLCJtIjoxLCJwIjowLCJzIjowLCJuIjowfQ&p=2&sd=2022-07-23T19%3A00%3A00,3.9,0.75,Just a great experience last night! Was super impressed and so happy!,"American,Mission","['https://s2.qwant.com/thumbr/474x315/7/6/65f8acffbb04cbd2e81608f170c5b0779dda81c3bbdc55766d013557ea7968/th.jpg?u=https%3A%2F%2Ftse1.mm.bing.net%2Fth%3Fid%3DOIP.GhURpS_USONIQ23-j5j5sgHaE7%26pid%3DApi&q=0&b=1&p=0&a=0', 'https://s1.qwant.com/thumbr/474x332/9/6/db9293ef22cf132606439b4cb9142f242b24777ce2989d0c1ad4dc0c1b0185/th.jpg?u=https%3A%2F%2Ftse1.mm.bing.net%2Fth%3Fid%3DOIP.QsHvLPvoMIdSTCwuYBW17wHaFM%26pid%3DApi&q=0&b=1&p=0&a=0', 'https://s2.qwant.com/thumbr/474x474/4/8/7edcccf2a969fd304929fb040233e6f0093c40e20a2552ede3b2d2859358e9/th.jpg?u=https%3A%2F%2Ftse3.mm.bing.net%2Fth%3Fid%3DOIP.BqOreRbW92HFy49RpTtA1QHaHa%26pid%3DApi&q=0&b=1&p=0&a=0']",50.9174893,-114.0701968
